,country,ISO,region,north_south,year,population,GDP,inflation,unemployment,GDP Per Capita
0,Australia,AUS,Asia & Pacific,Global North,2021,25688079,1552667363236.06,2.86391042204995,5.11999988555908,60443.10916499673
1,Australia,AUS,Asia & Pacific,Global North,2020,25655289,1326901059123.21,0.846905537459293,6.46000003814697,51720.37076344024
2,Australia,AUS,Asia & Pacific,Global North,2019,25340217,1392227864397.08,1.61076787290379,5.15999984741211,54941.43417939476
3,Australia,AUS,Asia & Pacific,Global North,2018,24966643,1428288504767.07,1.91140094445692,5.30000019073486,57207.87150948047
4,Austria,AUT,Europe,Global North,2021,8955797,480368403893.364,2.76666666666665,6.46000003814697,53637.705710989656
5,Austria,AUT,Europe,Global North,2020,8916864,435225238000.437,1.38191063351859,5.19999980926514,48809.22687622431
6,Austria,AUT,Europe,Global North,2019,8879920,444621176100.548,1.53089564152645,4.55999994277954,50070.40334829007
7,Austria,AUT,Europe,Global North,2018,8840521,454991174096.102,1.99837981429546,4.92999982833862,51466.5565633634
8,Azerbaijan,AZE,Asia & Pacific,Global North,2021,10137750,54622176470.5882,6.65029912708779,5.94999980926514,5387.9979749538315
9,Azerbaijan,AZE,Asia & Pacific,Global North,2020,10093121,42693000000.0,2.75980947008126,7.15999984741211,4229.910649045028
10,Azerbaijan,AZE,Asia & Pacific,Global North,2019,10024283,48174235294.1176,2.61057182799216,4.84999990463257,4805.753717659169
11,Azerbaijan,AZE,Asia & Pacific,Global North,2018,9939771,47112941176.4706,2.26854690374005,4.94000005722046,4739.8417102839285
12,Belarus,BLR,Europe,Global North,2021,9340314,68205380706.6609,9.46028389623105,3.90000009536743,7302.2577941877435
13,Belarus,BLR,Europe,Global North,2020,9379952,61371126414.1663,5.54814357456511,4.05000019073486,6542.797491305531
14,Belarus,BLR,Europe,Global North,2019,9419758,64409647193.8044,5.59815595039851,4.15999984741211,6837.717826063515
15,Belarus,BLR,Europe,Global North,2018,9438785,60031262269.3365,4.87230220550689,4.76000022888184,6360.06247301284
16,Belgium,BEL,Europe,Global North,2021,11592952,594104177539.525,2.44024851144081,6.26000022888184,51247.014353162594
17,Belgium,BEL,Europe,Global North,2020,11538604,525211810652.608,0.740791812220385,5.55000019073486,45517.79493018462
18,Belgium,BEL,Europe,Global North,2019,11488980,535830876745.097,1.43681956996435,5.3600001335144,46638.681305485516
19,Belgium,BEL,Europe,Global North,2018,11427054,543299066998.902,2.05316499865181,5.94999980926514,47544.98114727575
20,Bhutan,BTN,Asia & Pacific,Global South,2021,777486,2539552984.67797,7.34683859830958,4.80000019073486,3266.3649051918233
21,Bhutan,BTN,Asia & Pacific,Global South,2020,772506,2325184481.4277,5.62999177986902,5.03000020980835,3009.9241707219103
22,Bhutan,BTN,Asia & Pacific,Global South,2019,767459,2535657069.05537,2.72582104307304,2.72000002861023,3303.964210538113
23,Bhutan,BTN,Asia & Pacific,Global South,2018,762096,2446866404.93058,2.72396386183716,3.34999990463257,3210.7062691978176
24,Bolivia,BOL,South/Latin America,Global South,2021,12079472,40408208528.1599,0.737383721452315,5.09000015258789,3345.196588738307
25,Bolivia,BOL,South/Latin America,Global South,2020,11936162,36629843805.0216,0.940742153381823,7.90000009536743,3068.812555076045
26,Bolivia,BOL,South/Latin America,Global South,2019,11777315,40895322843.7851,1.83954504969032,3.6800000667572,3472.3808307568493
27,Bolivia,BOL,South/Latin America,Global South,2018,11606905,40287647930.4761,2.27205987230148,3.51999998092651,3471.006950644991
28,Bosnia and Herzegovina,BIH,Europe,Global North,2021,3270943,23365361635.2201,1.98163900587616,14.8999996185303,7143.310548432089
29,Bosnia and Herzegovina,BIH,Europe,Global North,2020,3318407,19950471170.6465,-1.05129600763481,15.8699998855591,6012.062767058562
30,Bosnia and Herzegovina,BIH,Europe,Global North,2019,3360711,20202479537.5193,0.562782154061303,15.6899995803833,6011.370670527545
31,Bosnia and Herzegovina,BIH,Europe,Global North,2018,3400129,20183510863.0054,1.41710814018026,18.3999996185303,5936.101501738729
32,Brazil,BRA,South/Latin America,Global South,2021,214326223,1608981456325.08,8.30165975585676,13.1599998474121,7507.160970802346
33,Brazil,BRA,South/Latin America,Global South,2020,213196304,1448559976218.19,3.21176803803379,13.6999998092651,6794.489158771673
34,Brazil,BRA,South/Latin America,Global South,2019,211782878,1873274432754.47,3.73297621216894,11.9399995803833,8845.25911841877
35,Brazil,BRA,South/Latin America,Global South,2018,210166592,1916947014067.55,3.66485028376724,12.3299999237061,9121.083402577846
36,Brunei Darussalam,BRN,Asia & Pacific,Global South,2021,445373,14006569575.68,1.73341388450597,4.90999984741211,31449.07656207269
37,Brunei Darussalam,BRN,Asia & Pacific,Global South,2020,441725,12005825759.223,1.94031996607178,7.40999984741211,27179.41198533703
38,Brunei Darussalam,BRN,Asia & Pacific,Global South,2019,438048,13469422958.5105,-0.390522069165492,6.59999990463257,30748.737486555125
39,Brunei Darussalam,BRN,Asia & Pacific,Global South,2018,434274,13567351175.0315,1.02505179290213,8.69999980926514,31241.453955409488
40,Bulgaria,BGR,Europe,Global North,2021,6877743,84056312734.3089,3.29774435299511,5.26999998092651,12221.496606417091
41,Bulgaria,BGR,Europe,Global North,2020,6934015,70240275010.1964,1.67244096855762,5.11999988555908,10129.812959763773
42,Bulgaria,BGR,Europe,Global North,2019,6975761,68915875214.6537,3.10372944796774,4.23000001907349,9879.33434282707
43,Bulgaria,BGR,Europe,Global North,2018,7025037,66363537115.2686,2.81454473824833,5.21000003814697,9446.71709419731
44,Canada,CAN,North America,Global North,2021,38246108,1988336331717.42,3.39519318527532,7.46000003814697,51987.93905297292
45,Canada,CAN,North America,Global North,2020,38037204,1645423407568.36,0.716999632307852,9.46000003814697,43258.26387156007
46,Canada,CAN,North America,Global North,2019,37601230,1742015045482.31,1.94926902411596,5.65999984741211,46328.67184084962
47,Canada,CAN,North America,Global North,2018,37065084,1725329192783.02,2.268225672481,5.82999992370605,46548.63841082945
48,Chile,CHL,South/Latin America,Global South,2021,19493184,317058508651.76,4.52456838259136,9.27999973297119,16265.095976714732
49,Chile,CHL,South/Latin America,Global South,2020,19300315,252727193710.018,3.04549084804331,10.9399995803833,13094.459531360913
50,Chile,CHL,South/Latin America,Global South,2019,19039485,278584733103.01,2.55754475703323,7.26999998092651,14631.946877922906
51,Chile,CHL,South/Latin America,Global South,2018,18701450,295402652037.155,2.43488981353058,7.21000003814697,15795.708463095376
52,China,CHN,Asia & Pacific,Global South,2021,1412360000,17734062645371.4,0.981015135544851,5.1100001335144,12556.333120005806
53,China,CHN,Asia & Pacific,Global South,2020,1411100000,14687673892882.0,2.4194218945778,5.6100001335144,10408.66975613493
54,China,CHN,Asia & Pacific,Global South,2019,1407745000,14279937500606.5,2.89923416358227,5.15000009536743,10143.8381955585
55,China,CHN,Asia & Pacific,Global South,2018,1402760000,13894817549374.2,2.07479039965578,4.92999982833862,9905.34200388819
56,"Hong Kong, SAR China",HKG,Asia & Pacific,Global North,2021,7413100,369176400967.427,1.56875834445927,5.17000007629395,49800.54241375767
57,"Hong Kong, SAR China",HKG,Asia & Pacific,Global North,2020,7481000,344932192028.051,0.250962021080809,5.80999994277954,46107.76527577209
58,"Hong Kong, SAR China",HKG,Asia & Pacific,Global North,2019,7507900,363052489184.395,2.8832085377399,2.92000007629395,48356.06350436141
59,"Hong Kong, SAR China",HKG,Asia & Pacific,Global North,2018,7452600,361731070995.726,2.40613432046539,2.80999994277954,48537.56688883423
60,Colombia,COL,South/Latin America,Global South,2021,51516562,314464137241.33,3.49505757399453,13.8999996185303,6104.136709303893
61,Colombia,COL,South/Latin America,Global South,2020,50930662,270299984937.97,2.52663500084712,15.5699996948242,5307.2152279891825
62,Colombia,COL,South/Latin America,Global South,2019,50187406,323109540251.855,3.52301932741443,10.2799997329712,6438.060182904353
63,Colombia,COL,South/Latin America,Global South,2018,49276961,334198218100.719,3.24056932930567,9.35999965667725,6782.037920331958
64,Costa Rica,CRI,South/Latin America,Global South,2021,5153957,64282438666.739,1.72647755109235,15.1400003433228,12472.443729495415
65,Costa Rica,CRI,South/Latin America,Global South,2020,5123105,62158002233.0279,0.724911478131358,16.4300003051758,12132.87688482432
66,Costa Rica,CRI,South/Latin America,Global South,2019,5084532,64417670082.6127,2.09604635327805,10.8100004196167,12669.341068679025
67,Costa Rica,CRI,South/Latin America,Global South,2018,5040734,62420165099.7231,2.22111461526584,9.01000022888184,12383.149973738566
68,Croatia,HRV,Europe,Global North,2021,3899000,68955083280.1922,2.55450699642046,7.6100001335144,17685.325283455295
69,Croatia,HRV,Europe,Global North,2020,4047680,57472012426.6853,0.154811374562028,7.51000022888184,14198.75395947439
70,Croatia,HRV,Europe,Global North,2019,4065253,62327983579.5899,0.771820346498083,6.61999988555908,15331.883053672156
71,Croatia,HRV,Europe,Global North,2018,4087843,62316840749.9705,1.50012501041753,8.43000030517578,15244.431048347624
72,Cyprus,CYP,Europe,Global North,2021,1244188,28407867534.0035,2.44608867175472,7.51000022888184,22832.455813754434
73,Cyprus,CYP,Europe,Global North,2020,1237537,25008448886.3507,-0.638422797978907,7.76000022888184,20208.243378865198
74,Cyprus,CYP,Europe,Global North,2019,1228836,25944504645.6957,0.250370996758456,7.15000009536743,21113.07338464669
75,Cyprus,CYP,Europe,Global North,2018,1218831,25596474964.5725,1.43549119531762,8.5,21000.840120223802
76,Czech Republic,CZE,Europe,Global North,2021,10505772,281777887121.451,3.8398449150015,2.79999995231628,26821.245227999523
77,Czech Republic,CZE,Europe,Global North,2020,10697858,245974558654.043,3.16129528497808,2.54999995231628,22992.879383334777
78,Czech Republic,CZE,Europe,Global North,2019,10671870,252548179964.897,2.84787595918047,2.01999998092651,23664.84786311087
79,Czech Republic,CZE,Europe,Global North,2018,10629928,249000540729.179,2.14949494949492,2.25,23424.480460185525
80,Denmark,DNK,Europe,Global North,2021,5856733,398303272764.46,1.85304543989687,5.05999994277954,68007.7566732955
81,Denmark,DNK,Europe,Global North,2020,5831404,355222449505.211,0.420711974110026,5.6399998664856,60915.424399546144
82,Denmark,DNK,Europe,Global North,2019,5814422,346498737961.635,0.758131572511619,5.01999998092651,59592.98068864541
83,Denmark,DNK,Europe,Global North,2018,5793636,356841216410.068,0.813609467455633,5.13000011444092,61591.92886989586
84,Dominican Republic,DOM,South/Latin America,Global South,2021,11117873,94243453937.4462,8.24300347981817,7.69999980926514,8476.752157309784
85,Dominican Republic,DOM,South/Latin America,Global South,2020,10999664,78844702329.0785,3.78103179915516,6.13000011444092,7167.919159083269
86,Dominican Republic,DOM,South/Latin America,Global South,2019,10881882,88941299733.5018,1.8106037704296,6.17999982833862,8173.33800656006
87,Dominican Republic,DOM,South/Latin America,Global South,2018,10765531,85555378042.8196,3.56443426013507,5.8600001335144,7947.1582073210875
88,Ecuador,ECU,South/Latin America,Global South,2021,17797737,106165866000.0,0.133251386096455,4.5,5965.132870544159
89,Ecuador,ECU,South/Latin America,Global South,2020,17588595,99291124000.0,-0.338872392562274,6.1100001335144,5645.199289653324
90,Ecuador,ECU,South/Latin America,Global South,2019,17343740,108108009000.0,0.266012515466136,3.80999994277954,6233.258166923628
91,Ecuador,ECU,South/Latin America,Global South,2018,17015672,107562008000.0,-0.224103246005465,3.52999997138977,6321.349400717174
92,El Salvador,SLV,South/Latin America,Global South,2021,6314167,28736940000.0,3.46692585313078,4.32999992370605,4551.184661412978
93,El Salvador,SLV,South/Latin America,Global South,2020,6292731,24563020000.0,-0.371590212323993,5.01000022888184,3903.3958387860534
94,El Salvador,SLV,South/Latin America,Global South,2019,6280217,26881140000.0,0.0753241350024327,4.17000007629395,4280.288404047185
95,El Salvador,SLV,South/Latin America,Global South,2018,6276342,26020850000.0,1.09033000581896,4.01000022888184,4145.862351031859
96,Estonia,EST,Europe,Global North,2021,1330932,37191166151.98,4.65316673847481,6.17999982833862,27943.70121988201
97,Estonia,EST,Europe,Global North,2020,1329522,31370395572.7658,-0.444531097679859,6.80000019073486,23595.243683644047
98,Estonia,EST,Europe,Global North,2019,1326898,31081901909.2156,2.27725931243518,4.44999980926514,23424.484707351734
99,Estonia,EST,Europe,Global North,2018,1321977,30624720196.229,3.43632688420445,5.36999988555908,23165.84947864373
100,Finland,FIN,Europe,Global North,2021,5541017,297301883523.251,2.19457432339993,7.6100001335144,53654.750296425904
101,Finland,FIN,Europe,Global North,2020,5529543,271891788362.647,0.290554555653313,7.76000022888184,49170.752151244145
102,Finland,FIN,Europe,Global North,2019,5521606,268514916972.549,1.02409392963429,6.69000005722046,48629.858228303325
103,Finland,FIN,Europe,Global North,2018,5515525,275708001767.843,1.08382098409299,7.3600001335144,49987.626158496794
104,France,FRA,Europe,Global North,2021,67749632,2957879759263.52,1.64233141038392,7.8600001335144,43658.97897812227
105,France,FRA,Europe,Global North,2020,67571107,2639008701648.26,0.476498852725083,8.01000022888184,39055.28292807545
106,France,FRA,Europe,Global North,2019,67388001,2728870246705.88,1.10825492288292,8.40999984741211,40494.89829362767
107,France,FRA,Europe,Global North,2018,67158348,2790956878746.66,1.85081508315494,9.02000045776367,41557.854858887535
108,Germany,DEU,Europe,Global North,2021,83196078,4259934911821.64,3.14296967309964,3.5699999332428,51203.55447310437
109,Germany,DEU,Europe,Global North,2020,83160871,3889668895299.62,0.506689889953274,3.85999989509583,46772.82535075444
110,Germany,DEU,Europe,Global North,2019,83092962,3888226035921.56,1.4456670146976,3.14000010490417,46793.68676160034
111,Germany,DEU,Europe,Global North,2018,82905782,3974443355019.6,1.73216766075662,3.38000011444092,47939.278288450376
112,Greece,GRC,Europe,Global North,2021,10641221,214873879833.648,1.22382501019855,14.6599998474121,20192.596303906103
113,Greece,GRC,Europe,Global North,2020,10698599,188925995936.807,-1.24798355581408,15.8999996185303,17658.947301119242
114,Greece,GRC,Europe,Global North,2019,10721582,205257014892.502,0.25300752203812,17.0400009155273,19144.284387556054
115,Greece,GRC,Europe,Global North,2018,10732882,212049447242.111,0.625621413453588,19.1800003051758,19756.990456254993
116,Hungary,HUN,Europe,Global North,2021,9709891,181848022233.89,5.11096534382858,4.05000019073486,18728.12189486885
117,Hungary,HUN,Europe,Global North,2020,9750149,157182045260.23,3.3267438576673,4.25,16120.98904952427
118,Hungary,HUN,Europe,Global North,2019,9771141,163988594921.902,3.3385863538201,3.42000007629395,16782.952463985734
119,Hungary,HUN,Europe,Global North,2018,9775564,160564628963.713,2.85024792594642,3.71000003814697,16425.10129990587
120,Iceland,ISL,Europe,Global North,2021,372520,25602419210.3374,4.44423970189747,5.98999977111816,68727.636664709
121,Iceland,ISL,Europe,Global North,2020,366463,21694674809.9321,2.84792401518658,6.42999982833862,59200.17794410922
122,Iceland,ISL,Europe,Global North,2019,360563,24826102119.6357,3.01397179156056,3.50999999046326,68853.7152165799
123,Iceland,ISL,Europe,Global North,2018,352721,26264127686.6137,2.68291768267388,2.70000004768372,74461.479998678
124,Indonesia,IDN,Asia & Pacific,Global South,2021,273753191,1186092991320.04,1.56012990525685,3.82999992370605,4332.7092808939715
125,Indonesia,IDN,Asia & Pacific,Global South,2020,271857970,1058688935454.78,1.92096800566845,4.25,3894.2722019692123
126,Indonesia,IDN,Asia & Pacific,Global South,2019,269582878,1119099868265.25,3.03058664969491,3.58999991416931,4151.227542964542
127,Indonesia,IDN,Asia & Pacific,Global South,2018,267066843,1042271531011.99,3.19834641562404,4.3899998664856,3902.661668157698
128,Ireland,IRL,Europe,Global North,2021,5033165,504182603275.542,2.35814296241712,6.19000005722046,100172.07925342047
129,Ireland,IRL,Europe,Global North,2020,4985382,425852281928.121,-0.334584625428444,5.61999988555908,85420.19085560966
130,Ireland,IRL,Europe,Global North,2019,4934340,399321701632.431,0.939044481054341,4.94999980926514,80927.07467106666
131,Ireland,IRL,Europe,Global North,2018,4867316,385736680797.118,0.488370168032449,5.73999977111816,79250.3878517684
132,Israel,ISR,Middle east,Global North,2021,9364000,488526545878.891,1.49228845352231,4.96000003814697,52170.71186233351
133,Israel,ISR,Middle east,Global North,2020,9215100,413267669231.522,-0.588430300016595,4.32999992370605,44846.79159548155
134,Israel,ISR,Middle east,Global North,2019,9054000,402470513619.148,0.844128708733833,3.79999995231628,44452.232562309255
135,Israel,ISR,Middle east,Global North,2018,8882800,376691526553.276,0.817323896191417,4.0,42406.8454263606
136,Italy,ITA,Europe,Global North,2021,59109668,2107702842669.73,1.87378325762491,9.5,35657.497563169025
137,Italy,ITA,Europe,Global North,2020,59438851,1896755301518.14,-0.13770757391657,9.15999984741211,31911.035789001708
138,Italy,ITA,Europe,Global North,2019,59729081,2011302198827.45,0.611246943765291,9.94999980926514,33673.75096274209
139,Italy,ITA,Europe,Global North,2018,60421760,2091932426266.98,1.13748763600395,10.6099996566772,34622.16966647413
140,Jamaica,JAM,South/Latin America,Global South,2021,2827695,14657586937.0735,5.86278242801063,8.35000038146973,5183.581304586774
141,Jamaica,JAM,South/Latin America,Global South,2020,2820436,13812425036.5864,5.22677779293517,6.5,4897.265896686327
142,Jamaica,JAM,South/Latin America,Global South,2019,2813773,15830768549.8916,3.90510000865876,4.98999977111816,5626.171176527601
143,Jamaica,JAM,South/Latin America,Global South,2018,2811835,15730793852.7913,3.7366388215216,5.46999979019165,5594.493934669459
144,Japan,JPN,Asia & Pacific,Global North,2021,125681593,4940877780755.33,-0.233352779398279,2.79999995231628,39312.660373069346
145,Japan,JPN,Asia & Pacific,Global North,2020,126261000,5040107754084.11,-0.0249958340276592,2.79999995231628,39918.16755834431
146,Japan,JPN,Asia & Pacific,Global North,2019,126633000,5123318151510.62,0.468776159383912,2.34999990463257,40458.001875582355
147,Japan,JPN,Asia & Pacific,Global North,2018,126811000,5037835383110.97,0.989094598021806,2.47000002861023,39727.11659959285
148,Jordan,JOR,Middle east,Global South,2021,11148278,45744271658.9141,1.34609377243118,19.8400001525879,4103.258965995834
149,Jordan,JOR,Middle east,Global South,2020,10928721,44182298291.8206,0.33329435062843,19.2099990844727,4042.769349846208
150,Jordan,JOR,Middle east,Global South,2019,10698683,44993992365.1297,0.761514047265513,16.7999992370605,4205.563653501062
151,Jordan,JOR,Middle east,Global South,2018,10459865,43370860549.1337,4.46231108475485,18.2600002288818,4146.40729580484
152,Korea (South),KOR,Asia & Pacific,Global North,2021,51744876,1810955871380.98,2.49833333333334,3.64000010490417,34997.78164278488
153,Korea (South),KOR,Asia & Pacific,Global North,2020,51836239,1644312831906.17,0.537288023411772,3.9300000667572,31721.29891418569
154,Korea (South),KOR,Asia & Pacific,Global North,2019,51764822,1651422932447.77,0.383000303608079,3.75,31902.416904819456
155,Korea (South),KOR,Asia & Pacific,Global North,2018,51585058,1724845615629.26,1.47583935002643,3.8199999332428,33436.923064606424
156,Kyrgyzstan,KGZ,Asia & Pacific,Global South,2021,6691800,8543423502.6134,11.9050398185147,4.09999990463257,1276.7003650159002
157,Kyrgyzstan,KGZ,Asia & Pacific,Global South,2020,6579900,7780874536.66054,6.32542296338083,4.63000011444092,1182.5217004301796
158,Kyrgyzstan,KGZ,Asia & Pacific,Global South,2019,6456200,8871026074.19762,1.13362257718798,4.25,1374.0321046742079
159,Kyrgyzstan,KGZ,Asia & Pacific,Global South,2018,6322800,8271108638.39931,1.54266145238431,3.67000007629395,1308.14016549619
160,Latvia,LVA,Europe,Global North,2021,1884490,39853501579.8211,3.27582937431157,7.51000022888184,21148.162940541526
161,Latvia,LVA,Europe,Global North,2020,1900449,34601740323.3386,0.219064904842049,8.10000038146973,18207.13964086308
162,Latvia,LVA,Europe,Global North,2019,1913822,34343961072.8235,2.81140920075622,6.30999994277954,17945.222216498452
163,Latvia,LVA,Europe,Global North,2018,1927174,34429023435.0211,2.53445424186602,7.40999984741211,17865.0310947642
164,Lithuania,LTU,Europe,Global North,2021,2800839,66445256585.3671,4.68354420903459,7.1100001335144,23723.34025103446
165,Lithuania,LTU,Europe,Global North,2020,2794885,56846622904.4391,1.19989444983569,8.48999977111816,20339.52126990524
166,Lithuania,LTU,Europe,Global North,2019,2794137,54751510087.7803,2.33450937988024,6.26000022888184,19595.141572435532
167,Lithuania,LTU,Europe,Global North,2018,2801543,53751411409.4447,2.69792779208397,6.15000009536743,19186.359591641
168,Luxembourg,LUX,Europe,Global North,2021,640064,85506243833.7816,2.52692009066169,5.25,133590.1469755862
169,Luxembourg,LUX,Europe,Global North,2020,630419,73992591285.3029,0.819957302126994,6.76999998092651,117370.49690016148
170,Luxembourg,LUX,Europe,Global North,2019,620001,69825641851.0117,1.74332075653843,5.59000015258789,112621.82133740382
171,Luxembourg,LUX,Europe,Global North,2018,607950,71000359760.4611,1.52819524307373,5.59000015258789,116786.51165467736
172,"Macedonia, Republic of",MKD,Europe,Global North,2021,2065092,13825049831.7959,3.23074912132919,15.7799997329712,6694.6411258171065
173,"Macedonia, Republic of",MKD,Europe,Global North,2020,2072531,12363580534.6811,1.20007348888482,16.5499992370605,5965.450231953636
174,"Macedonia, Republic of",MKD,Europe,Global North,2019,2076694,12606338448.547,0.766439573459688,17.3899993896484,6070.388053582762
175,"Macedonia, Republic of",MKD,Europe,Global North,2018,2076217,12683070061.4695,1.45831298507127,21.2000007629395,6108.740108316953
176,Malta,MLT,Europe,Global North,2021,518536,17364044943.8202,1.49789217934737,3.39000010490417,33486.67198385493
177,Malta,MLT,Europe,Global North,2020,515332,14933066818.9606,0.638544956776653,4.34999990463257,28977.565567363563
178,Malta,MLT,Europe,Global North,2019,504062,15725847979.4022,1.64206001768947,3.61999988555908,31198.241445302763
179,Malta,MLT,Europe,Global North,2018,484630,15298771846.9532,1.15782362451512,3.66000008583069,31567.942238312113
180,Mauritius,MUS,Africa,Global South,2021,1266060,11529042672.3528,4.02852888157379,8.19999980926514,9106.237202307
181,Mauritius,MUS,Africa,Global South,2020,1265740,11401050654.5624,2.58080077182828,8.63000011444092,9007.419102313588
182,Mauritius,MUS,Africa,Global South,2019,1265711,14436353897.9802,0.405655190309511,6.32999992370605,11405.726819139756
183,Mauritius,MUS,Africa,Global South,2018,1265303,14735695930.9727,3.2160538314458,6.42999982833862,11645.981975046847
184,Mexico,MEX,South/Latin America,Global South,2021,126705138,1272839334119.3,5.68920847683764,4.09000015258789,10045.680500496357
185,Mexico,MEX,South/Latin America,Global South,2020,125998302,1090515389749.41,3.39683415569999,4.44000005722046,8655.000682068001
186,Mexico,MEX,South/Latin America,Global South,2019,125085311,1269011767478.56,3.6359614212705,3.48000001907349,10145.17018292068
187,Mexico,MEX,South/Latin America,Global South,2018,124013861,1222408203104.3,4.89935015356549,3.26999998092651,9857.028829255627
188,Moldova,MDA,Europe,Global North,2021,2615199,13679221333.2052,5.10641129002835,0.790000021457672,5230.661732894973
189,Moldova,MDA,Europe,Global North,2020,2635130,11859730543.5525,3.76597122245352,1.21000003814697,4500.624463898365
190,Moldova,MDA,Europe,Global North,2019,2664224,11971345002.7757,4.83778351428719,1.5,4493.370303238654
191,Moldova,MDA,Europe,Global North,2018,2707203,11457443185.0542,3.04505397337073,1.24000000953674,4232.206888458013
192,Mongolia,MNG,Asia & Pacific,Global South,2021,3347782,15286441818.1437,7.35281243380224,7.75,4566.140154330151
193,Mongolia,MNG,Asia & Pacific,Global South,2020,3294335,13312981594.573,3.79604026111249,6.59000015258789,4041.174195876558
194,Mongolia,MNG,Asia & Pacific,Global South,2019,3232430,14206359006.8095,7.30106953550724,9.27000045776367,4394.947147133736
195,Mongolia,MNG,Asia & Pacific,Global South,2018,3163991,13178094459.4548,6.82424790145521,5.38000011444092,4165.0227385143635
196,Netherlands,NLD,Europe,Global North,2021,17533044,1012846760976.73,2.67572008805381,4.21000003814697,57767.87881081745
197,Netherlands,NLD,Europe,Global North,2020,17441500,909793466661.481,1.2724603778917,3.8199999332428,52162.57011504062
198,Netherlands,NLD,Europe,Global North,2019,17344874,910194347568.626,2.63369910249593,3.38000011444092,52476.273253332714
199,Netherlands,NLD,Europe,Global North,2018,17231624,914043438179.607,1.70349794744475,3.82999992370605,53044.532435225316
200,New Zealand,NZL,Asia & Pacific,Global North,2021,5122600,249885687029.634,3.94112060778728,3.77999997138977,48781.02663288838
201,New Zealand,NZL,Asia & Pacific,Global North,2020,5090200,211734532308.013,1.71456170007244,4.59999990463257,41596.50550234038
202,New Zealand,NZL,Asia & Pacific,Global North,2019,4979200,213434571357.984,1.61963190184049,4.1100001335144,42865.233643553984
203,New Zealand,NZL,Asia & Pacific,Global North,2018,4900600,211953111035.513,1.59829703801698,4.32999992370605,43250.44097365894
204,Norway,NOR,Europe,Global North,2021,5408320,482174854481.956,3.48388055266678,4.36999988555908,89154.27609349224
205,Norway,NOR,Europe,Global North,2020,5379475,362198318435.26,1.28658490707998,4.42000007629395,67329.67779109672
206,Norway,NOR,Europe,Global North,2019,5347896,404941363636.364,2.16773003305405,3.69000005722046,75719.75289653426
207,Norway,NOR,Europe,Global North,2018,5311916,436999692591.454,2.76483134528794,3.79999995231628,82267.809316159
208,Palestinian Territory,PSE,Arab States,Global South,2021,4922749,18036800000.0,1.23748102831382,26.3899993896484,3663.9690546887523
209,Palestinian Territory,PSE,Arab States,Global South,2020,4803269,15531700000.0,-0.735332001092242,25.8899993896484,3233.5686383585844
210,Palestinian Territory,PSE,Arab States,Global South,2019,4685306,17133500000.0,1.58018333639459,25.3400001525879,3656.858271370109
211,Palestinian Territory,PSE,Arab States,Global South,2018,4569087,16276600000.0,-0.195107773730686,26.2600002288818,3562.3309427025574
212,Panama,PAN,South/Latin America,Global South,2021,4351267,63605100000.0,1.63070337301891,10.289999961853,14617.604481637187
213,Panama,PAN,South/Latin America,Global South,2020,4294396,53977000000.0,-1.55027540803759,18.5499992370605,12569.17154356515
214,Panama,PAN,South/Latin America,Global South,2019,4232532,66984400000.0,-0.355083821021212,6.40999984741211,15826.082354486629
215,Panama,PAN,South/Latin America,Global South,2018,4165255,64929400000.0,0.761578359399943,5.30999994277954,15588.33732868696
216,Paraguay,PRY,South/Latin America,Global South,2021,6703799,39495431574.1782,4.78798310123612,7.30999994277954,5891.499965046416
217,Paraguay,PRY,South/Latin America,Global South,2020,6618695,35432178068.1814,1.76751592356686,7.55000019073486,5353.348064562787
218,Paraguay,PRY,South/Latin America,Global South,2019,6530026,37925338329.1494,2.75709727562792,6.59000015258789,5807.8387940797475
219,Paraguay,PRY,South/Latin America,Global South,2018,6443328,40225448340.6322,3.97561015740691,6.21999979019165,6242.96145417899
220,Peru,PER,South/Latin America,Global South,2021,33715471,223249497500.387,4.27166381536796,5.09999990463257,6621.574336018826
221,Peru,PER,South/Latin America,Global South,2020,33304756,201705055938.653,2.00241205759293,7.17999982833862,6056.343902914437
222,Peru,PER,South/Latin America,Global South,2019,32824861,228323495040.901,2.25212191358024,3.38000011444092,6955.809958826665
223,Peru,PER,South/Latin America,Global South,2018,32203944,222597212925.211,1.50915423024742,3.49000000953674,6912.110296962726
224,Philippines,PHL,Asia & Pacific,Global South,2021,113880328,394086401171.168,3.92718022100326,3.40000009536743,3460.530963444082
225,Philippines,PHL,Asia & Pacific,Global South,2020,112190977,361751116292.541,2.39316239316241,2.51999998092651,3224.4225513121346
226,Philippines,PHL,Asia & Pacific,Global South,2019,110380804,376823278560.849,2.39206534422402,2.24000000953674,3413.8479237825536
227,Philippines,PHL,Asia & Pacific,Global South,2018,108568836,346842094175.24,5.30934661627714,2.33999991416931,3194.674521289332
228,Poland,POL,Europe,Global North,2021,37747124,679444832854.295,5.05502704719268,3.35999989509583,17999.909949544635
229,Poland,POL,Europe,Global North,2020,37899070,599449188399.108,3.3744697261859,3.16000008583069,15816.98939839706
230,Poland,POL,Europe,Global North,2019,37965475,596054591863.312,2.227478809383,3.27999997138977,15699.911350070348
231,Poland,POL,Europe,Global North,2018,37974750,588782567765.872,1.81295156542681,3.84999990463257,15504.58048481878
232,Portugal,PRT,Europe,Global North,2021,10325147,253663144586.019,1.2656571906905,6.57999992370605,24567.509265099954
233,Portugal,PRT,Europe,Global North,2020,10297081,229031860520.777,-0.0124383299576167,6.80000019073486,22242.40641797195
234,Portugal,PRT,Europe,Global North,2019,10286263,239986922638.902,0.338178410046125,6.46000003814697,23330.817288932045
235,Portugal,PRT,Europe,Global North,2018,10283822,242313116577.967,0.99371568346825,6.98999977111816,23562.554522819144
236,Qatar,QAT,Middle east,Global South,2021,2688235,179677211793.938,2.30446565742003,0.140000000596046,66838.35743301385
237,Qatar,QAT,Middle east,Global South,2020,2760385,144411363345.27,-2.54031503004763,0.140000000596046,52315.660078311535
238,Qatar,QAT,Middle east,Global South,2019,2807235,175837550989.011,-0.666641124861102,0.100000001490116,62637.27510842911
239,Qatar,QAT,Middle east,Global South,2018,2766732,183334953818.681,0.255815382724374,0.109999999403954,66264.08116820893
240,Romania,ROU,Europe,Global North,2021,19119880,284087563695.798,5.05232876096582,5.59000015258789,14858.229429044428
241,Romania,ROU,Europe,Global North,2020,19265250,251362040527.804,2.63107311184752,5.03000020980835,13047.432061759073
242,Romania,ROU,Europe,Global North,2019,19371648,251019278416.197,3.82785432599428,3.91000008583069,12958.07555537851
243,Romania,ROU,Europe,Global North,2018,19473970,243317079358.636,4.62548443137781,4.19000005722046,12494.477467030913
244,Russian Federation,RUS,Europe,Global North,2021,143449286,1778782625793.74,6.69445891957619,4.71999979019165,12400.080024056306
245,Russian Federation,RUS,Europe,Global North,2020,144073139,1489362488439.76,3.38165937237896,5.59000015258789,10337.544519244215
246,Russian Federation,RUS,Europe,Global North,2019,144406261,1693113904262.89,4.47036660760175,4.5,11724.657175791635
247,Russian Federation,RUS,Europe,Global North,2018,144477859,1657329646183.62,2.87829723647886,4.84999990463257,11471.166984718539
248,Rwanda,RWA,Africa,Global South,2021,13461888,11070356519.4804,-0.391346748300792,15.789999961853,822.3479885942002
249,Rwanda,RWA,Africa,Global South,2020,13146362,10184345442.1708,9.85039902274209,11.8299999237061,774.6892594446128
250,Rwanda,RWA,Africa,Global South,2019,12835028,10356327149.4262,3.3478765503764,11.2399997711182,806.8799810507777
251,Rwanda,RWA,Africa,Global South,2018,12531808,9642440645.81148,-0.311210160390642,10.7600002288818,769.4373107066019
252,Saint Lucia,LCA,South/Latin America,Global South,2021,179651,1691275156.6002,2.41070312174385,19.5200004577637,9414.226230859833
253,Saint Lucia,LCA,South/Latin America,Global South,2020,179237,1516015718.73491,-1.75580833517596,20.3899993896484,8458.162760673913
254,Saint Lucia,LCA,South/Latin America,Global South,2019,178583,2094201725.17451,0.539087559191731,15.3199996948242,11726.7697662964
255,Saint Lucia,LCA,South/Latin America,Global South,2018,177888,2057067919.33041,1.93561893150608,19.0799999237061,11563.837467004014
256,Saudi Arabia,SAU,Middle east,Global South,2021,35950396,833541236569.315,3.06328988941548,6.61999988555908,23185.870791779733
257,Saudi Arabia,SAU,Middle east,Global South,2020,35997107,703367841222.555,3.44545825956691,7.65999984741211,19539.5658107346
258,Saudi Arabia,SAU,Middle east,Global South,2019,35827362,803616264791.024,-2.09333333333333,5.6399998664856,22430.238229401988
259,Saudi Arabia,SAU,Middle east,Global South,2018,35018133,816578674529.141,2.45814158007533,6.03000020980835,23318.738167141608
260,Serbia,SRB,Europe,Global North,2021,6834326,63082047649.8528,4.08510285335103,10.0600004196167,9230.178316026013
261,Serbia,SRB,Europe,Global North,2020,6899126,53356480453.8048,1.57553290083409,9.01000022888184,7733.802869204708
262,Serbia,SRB,Europe,Global North,2019,6945235,51514222381.8428,1.8492298451109,10.3900003433228,7417.203648522015
263,Serbia,SRB,Europe,Global North,2018,6982604,50640650221.4622,1.95984076293803,12.7299995422363,7252.40185773992
264,Slovakia,SVK,Europe,Global North,2021,5447247,116527101097.7,3.14960629921263,6.8899998664856,21391.925333604297
265,Slovakia,SVK,Europe,Global North,2020,5458827,106696828625.55,1.9369412669422,6.71999979019165,19545.742817193146
266,Slovakia,SVK,Europe,Global North,2019,5454147,105720354988.541,2.66456133425443,5.76000022888184,19383.481044522818
267,Slovakia,SVK,Europe,Global North,2018,5446771,106137924015.593,2.51403712883808,6.53999996185303,19486.393684550534
268,Slovenia,SVN,Europe,Global North,2021,2108079,61748586534.8672,1.91706506089267,4.73999977111816,29291.40062344305
269,Slovenia,SVN,Europe,Global North,2020,2102419,53706800043.6842,-0.0548568157606067,4.98999977111816,25545.241002713636
270,Slovenia,SVN,Europe,Global North,2019,2088385,54331588482.3058,1.63052260754338,4.44999980926514,26016.07868391403
271,Slovenia,SVN,Europe,Global North,2018,2073894,54177882425.8431,1.73860861988181,5.13000011444092,26123.747127791055
272,South Africa,ZAF,Africa,Global South,2021,59392255,419015018371.887,4.61167217803201,28.7700004577637,7055.044775987829
273,South Africa,ZAF,Africa,Global South,2020,58801927,337619680138.494,3.21003597454107,24.3400001525879,5741.643129118779
274,South Africa,ZAF,Africa,Global South,2019,58087055,388531954110.604,4.12024587014984,25.5400009155273,6688.787271287966
275,South Africa,ZAF,Africa,Global South,2018,57339635,404159690890.846,4.51716522786587,24.2199993133545,7048.522211396114
276,Spain,ESP,Europe,Global North,2021,47415750,1427380681294.55,3.09313511976406,14.7799997329712,30103.513733190975
277,Spain,ESP,Europe,Global North,2020,47365655,1276962685648.25,-0.322753017299705,15.5299997329712,26959.675436732585
278,Spain,ESP,Europe,Global North,2019,47134837,1394320055129.41,0.699518994458693,14.1000003814697,29581.51855132988
279,Spain,ESP,Europe,Global North,2018,46797754,1421702715218.04,1.67498136863794,15.25,30379.721112642288
280,Sweden,SWE,Europe,Global North,2021,10415811,635663801201.765,2.16319736447149,8.72000026702881,61028.73806002864
281,Sweden,SWE,Europe,Global North,2020,10353442,547054174235.876,0.497367318853562,8.28999996185303,52837.90397781491
282,Sweden,SWE,Europe,Global North,2019,10278887,533879529188.454,1.78415097403832,6.82999992370605,51939.429744529145
283,Sweden,SWE,Europe,Global North,2018,10175214,555455371487.089,1.95353530127029,6.3600001335144,54589.06038606058
284,Switzerland,CHE,Europe,Global North,2021,8703405,800640155387.26,0.581814168489875,5.09999990463257,91991.60045835625
285,Switzerland,CHE,Europe,Global North,2020,8638167,739913619797.445,-0.725874933313391,4.82000017166138,85656.32266630698
286,Switzerland,CHE,Europe,Global North,2019,8575280,721369112726.724,0.362886179940635,4.3899998664856,84121.93103044145
287,Switzerland,CHE,Europe,Global North,2018,8514329,725568717468.001,0.936335464113605,4.71000003814697,85217.36915122742
288,Thailand,THA,Asia & Pacific,Global South,2021,71601103,505947037098.424,1.23039541318382,1.21000003814697,7066.190545953238
289,Thailand,THA,Asia & Pacific,Global South,2020,71475664,499681757030.968,-0.845937147357037,1.10000002384186,6990.935502620417
290,Thailand,THA,Asia & Pacific,Global South,2019,71307763,544081056184.697,0.70672860131428,0.720000028610229,7630.0396099187265
291,Thailand,THA,Asia & Pacific,Global South,2018,71127802,506754616189.315,1.06389754183022,0.769999980926514,7124.564543542552
292,Turkey,TUR,Europe,Global North,2021,84775404,819035182929.585,19.5964926913323,11.9700002670288,9661.235975113548
293,Turkey,TUR,Europe,Global North,2020,84135428,720289368333.191,12.2789574462574,13.1099996566772,8561.070947819877
294,Turkey,TUR,Europe,Global North,2019,83481684,759937390496.669,15.1768215720023,13.6700000762939,9103.043375318937
295,Turkey,TUR,Europe,Global North,2018,82809304,778471900960.981,16.3324638988929,10.8900003433228,9400.778214015432
296,Ukraine,UKR,Europe,Global North,2021,43792855,200085537744.354,9.36313917695229,9.82999992370605,4568.908278401899
297,Ukraine,UKR,Europe,Global North,2020,44132049,156617861448.576,2.7324920941942,9.47999954223633,3548.8463598999447
298,Ukraine,UKR,Europe,Global North,2019,44386203,153882982016.281,7.8867174561113,8.1899995803833,3466.9102472288746
299,Ukraine,UKR,Europe,Global North,2018,44622518,130891049796.879,10.9518559353179,8.80000019073486,2933.295915682728
300,United States of America,USA,North America,Global North,2021,331893745,23315080560000.0,4.69785886363739,5.34999990463257,70248.62900022416
301,United States of America,USA,North America,Global North,2020,331501080,21060473613000.0,1.23358439630637,8.05000019073486,63530.63348390901
302,United States of America,USA,North America,Global North,2019,328329953,21380976119000.0,1.81221007526015,3.67000007629395,65120.394662865256
303,United States of America,USA,North America,Global North,2018,326838199,20533057312000.0,2.44258329692818,3.90000009536743,62823.30943819697
304,Uruguay,URY,South/Latin America,Global South,2021,3426260,59319484710.6527,7.74791402314763,9.28999996185303,17313.188348418596
305,Uruguay,URY,South/Latin America,Global South,2020,3429086,53560755046.6162,9.75640636078191,10.3299999237061,15619.542655569503
306,Uruguay,URY,South/Latin America,Global South,2019,3428409,61231149880.5857,7.88198870879622,8.72999954223633,17859.931496092122
307,Uruguay,URY,South/Latin America,Global South,2018,3427042,64515038268.1373,7.60653360377044,8.34000015258789,18825.28380689157
308,Viet Nam,VNM,Asia & Pacific,Global South,2021,97468029,366137590600.699,1.83471554810462,2.38000011444092,3756.4891211732515
309,Viet Nam,VNM,Asia & Pacific,Global South,2020,96648685,346615750664.384,3.22093436652514,2.09999990463257,3586.3473017184247
310,Viet Nam,VNM,Asia & Pacific,Global South,2019,95776716,334365257436.758,2.79582367452244,1.67999994754791,3491.091273548761
311,Viet Nam,VNM,Asia & Pacific,Global South,2018,94914330,310106472642.968,3.53962805942641,1.1599999666214,3267.225008520505
312,Zambia,ZMB,Africa,Global South,2021,19473125,22147634727.3584,22.0212342935964,5.19999980926514,1137.3436326916403
313,Zambia,ZMB,Africa,Global South,2020,18927715,18110631358.3114,15.7325851421273,6.03000020980835,956.8313638657071
314,Zambia,ZMB,Africa,Global South,2019,18380477,23308667781.2258,9.15031644316299,5.53999996185303,1268.1209405624131
315,Zambia,ZMB,Africa,Global South,2018,17835893,26311590296.7021,7.49457192728511,5.03000020980835,1475.2045382141562
