,Country,CountryCode,Year,Population,ConfirmedCases,ConfirmedDeaths,CasesPer1k,DeathsPer1k,PopulationVaccinated,StringencyIndex,GovernmentResponseIndex,ContainmentHealthIndex,EconomicSupportIndex
0,Afghanistan,AFG,2020,39618.434,52330.0,2189.0,1.320849784219134,0.05525205766588351,0.0,50.40087272727273,41.275527272727274,46.769890909090904,2.8181818181818183
1,Afghanistan,AFG,2021,40580.49,158084.0,7356.0,3.895566564129709,0.18126937353393222,9.13,29.24221917808219,24.306739726027395,27.7813698630137,0.0
2,Afghanistan,AFG,2022,41677.052,207559.0,7849.0,4.980174701416021,0.18832905935861297,26.15,11.415643835616438,14.827369863013699,16.943863013698632,0.0
3,Albania,ALB,2020,2861.567,58316.0,1181.0,20.37904406921103,0.4127109377484434,0.0,66.48461818181818,63.66996363636364,64.49967272727272,57.86363636363637
4,Albania,ALB,2021,2847.853,210224.0,3217.0,73.8184168916022,1.1296229124185835,36.28,48.59090410958904,55.05098630136987,55.21632876712329,53.9041095890411
5,Albania,ALB,2022,2836.789,333806.0,3595.0,117.67036603709334,1.2672778976511823,44.68,21.522547945205478,27.499917808219177,30.27490410958904,8.082191780821917
6,Algeria,DZA,2020,43812.345,99610.0,2756.0,2.273560111881708,0.06290464479817275,0.0,75.92734545454546,61.96469090909091,64.14301818181819,46.72727272727273
7,Algeria,DZA,2021,44543.592,218432.0,6276.0,4.903780548277292,0.14089568708334074,12.49,59.61158904109589,59.7213698630137,62.10016438356165,43.082191780821915
8,Algeria,DZA,2022,45262.858,271228.0,6881.0,5.9922862140079625,0.15202310026468058,14.43,35.87205479452055,37.82389041095891,42.52120547945206,4.931506849315069
9,Andorra,AND,2020,78.38,8049.0,84.0,102.692013268691,1.0717019647869355,0.0,48.25745454545455,57.50261818181818,52.2908,94.0
10,Andorra,AND,2021,79.688,23740.0,140.0,297.9118562393334,1.7568517217146873,64.37,50.087534246575345,62.595150684931504,60.834931506849315,74.93150684931507
11,Andorra,AND,2022,79.96,47751.0,165.0,597.1860930465233,2.0635317658829417,66.99,11.986109589041096,32.15041095890411,33.74797260273973,20.958904109589042
12,Angola,AGO,2020,33957.975,17553.0,405.0,0.5169036139522454,0.011926506218347826,0.0,74.39203636363636,54.910872727272725,58.820254545454546,27.545454545454547
13,Angola,AGO,2021,35049.572,81593.0,1770.0,2.327931422386556,0.05049990339397012,11.04,57.62213698630136,48.58745205479452,55.527068493150686,0.0
14,Angola,AGO,2022,36128.402,105095.0,1930.0,2.908930209534316,0.05342057475999076,23.19,37.65684931506849,41.23517808219178,44.512986301369864,18.28767123287671
15,Argentina,ARG,2020,45163.623,1625514.0,43245.0,35.991665239079694,0.9575183992657099,0.0,87.61752727272727,76.75356363636364,77.00541818181819,75.0
16,Argentina,ARG,2021,45389.937,5654408.0,117169.0,124.57404380182331,2.5813871475521104,67.62,66.84131506849316,64.28027397260274,67.11276712328767,44.45205479452055
17,Argentina,ARG,2022,45630.699,9891139.0,130124.0,216.7650116427101,2.8516766749507827,76.45,19.031068493150684,33.75945205479452,34.32578082191781,29.794520547945204
18,Aruba,ABW,2020,106.501,5489.0,49.0,51.53942216505009,0.46008957662369365,0.0,57.40378181818181,54.337745454545455,52.001709090909095,70.68181818181819
19,Aruba,ABW,2021,106.572,20461.0,181.0,191.99226813797245,1.6983823143039447,74.21,42.77775342465753,42.05035616438356,46.555945205479446,10.513698630136986
20,Aruba,ABW,2022,106.318,44145.0,280.0,415.21661430801936,2.6336086081378505,78.89,26.78898630136986,31.98172602739726,35.21386301369863,9.315068493150685
21,Australia,AUS,2020,25795.922,28425.0,909.0,1.1019183574830163,0.035238127949061095,0.0,64.10329696969697,60.12904242424243,59.34202828282828,65.63636363636364
22,Australia,AUS,2021,26046.256,425496.0,2253.0,16.336167470672176,0.08649995607814036,95.0,56.72220395738204,60.67946118721461,62.125866057838664,50.55555555555556
23,Australia,AUS,2022,26308.571,11131707.0,17052.0,423.1209289170438,0.6481537898808719,95.0,26.026992389649923,38.515951293759514,40.77014307458143,22.73972602739726
24,Austria,AUT,2020,8914.448,356063.0,7486.0,39.94223759003361,0.8397603530807516,0.0,56.43090909090909,62.57669090909091,58.58694545454546,90.5
25,Austria,AUT,2021,8929.716,1270811.0,16815.0,142.3125886646339,1.883038609514569,73.43,61.54786301369863,73.85038356164384,70.11542465753425,100.0
26,Austria,AUT,2022,8949.518,5705093.0,21443.0,637.4748897091441,2.3959949574938,76.32,38.63156164383562,62.35638356164384,56.97427397260274,100.0
27,Azerbaijan,AZE,2020,10296.374,218700.0,2641.0,21.24048718510031,0.25649806427000416,0.0,81.08214545454545,68.34,71.66665454545453,45.04545454545455
28,Azerbaijan,AZE,2021,10329.61,616947.0,8358.0,59.726069038424484,0.8091302575799086,45.15,65.46446575342465,60.81531506849315,67.80969863013699,11.849315068493151
29,Azerbaijan,AZE,2022,10386.538,826401.0,10008.0,79.56462490196445,0.9635549400579866,46.94,48.69090410958904,45.35767123287671,50.42947945205479,9.863013698630137
30,Bahamas,BHS,2020,407.164,7871.0,170.0,19.331276831939956,0.4175221777956794,0.0,78.71883636363637,69.07949090909091,73.21872727272728,40.09090909090909
31,Bahamas,BHS,2021,408.647,24476.0,717.0,59.89521518572264,1.754570570688149,35.94,60.8008493150685,62.16605479452055,67.56268493150685,24.383561643835616
32,Bahamas,BHS,2022,411.321,37491.0,833.0,91.14778968251073,2.0251822785610263,40.4,41.8607397260274,44.78394520547945,51.18008219178082,0.0
33,Bahrain,BHR,2020,1460.905,92675.0,352.0,63.43670532991536,0.2409465365646637,0.0,65.70756363636363,68.79843636363637,66.12687272727273,87.5
34,Bahrain,BHR,2021,1465.626,282062.0,1394.0,192.4515531247399,0.9511294150076486,80.01,44.102,59.00980821917809,58.39416438356164,63.321917808219176
35,Bahrain,BHR,2022,1478.84,698737.0,1539.0,472.48992453544673,1.0406805333910363,83.33,16.47317808219178,32.07827397260274,36.65832876712329,0.0
36,Bangladesh,BGD,2020,168414.908,513510.0,7559.0,3.0490768667581376,0.044883200007448276,0.0,80.98003636363637,64.40109090909091,66.09356363636364,52.54545454545455
37,Bangladesh,BGD,2021,170297.594,1585539.0,28072.0,9.31040164900979,0.16484084913143282,23.8,64.03383561643835,61.26134246575342,64.57449315068493,38.082191780821915
38,Bangladesh,BGD,2022,172075.151,2037125.0,29440.0,11.838577436436479,0.17108803815607285,73.41,19.83068493150685,34.123260273972605,38.939315068493144,0.410958904109589
39,Barbados,BRB,2020,280.959,383.0,7.0,1.3631882231927077,0.02491466726461868,0.0,54.29687272727273,54.05254545454546,54.832254545454546,48.59090909090909
40,Barbados,BRB,2021,281.44,28565.0,260.0,101.49587833996588,0.923820352472996,51.01,64.18619178082191,63.90550684931507,66.31983561643835,47.02054794520548
41,Barbados,BRB,2022,281.83,105515.0,568.0,374.3923641911791,2.0153993542206297,55.03,34.072931506849315,44.92038356164383,49.32238356164383,14.10958904109589
42,Belarus,BLR,2020,9606.437,194284.0,1424.0,20.22435581475213,0.14823393938876608,0.0,32.61890909090909,34.37698181818182,39.291090909090904,0.0
43,Belarus,BLR,2021,9549.898,699110.0,5578.0,73.20601748835433,0.5840900080817618,33.86,34.249013698630144,37.23120547945205,42.1392602739726,2.8767123287671232
44,Belarus,BLR,2022,9520.011,994037.0,7118.0,104.41553061230707,0.7476882117047974,67.15,10.904575342465753,18.315287671232877,20.933123287671233,0.0
45,Belgium,BEL,2020,11582.16,646496.0,19528.0,55.81825842502607,1.6860412910890543,0.0,61.76112727272728,61.58163636363636,59.60636363636364,75.4090909090909
46,Belgium,BEL,2021,11640.679,2105343.0,28331.0,180.860841536821,2.4337927366608083,75.77,50.114958904109585,62.79980821917808,61.05873972602739,75.0
47,Belgium,BEL,2022,11671.181,4668248.0,33228.0,399.98077315397643,2.84701265450343,78.65,15.462191780821918,35.01597260273972,40.0166301369863,0.0
48,Belize,BLZ,2020,397.415,10776.0,248.0,27.115232188015046,0.6240328120478592,0.0,72.89836363636364,62.837818181818186,64.5886909090909,50.59090909090909
49,Belize,BLZ,2021,402.647,32840.0,602.0,81.56027488097514,1.4951061351506407,49.13,62.03216438356165,63.70449315068493,65.83328767123288,48.8013698630137
50,Belize,BLZ,2022,407.898,69946.0,688.0,171.4791442958779,1.686696183849884,54.59,23.967972602739724,30.675972602739726,35.05904109589041,0.0
51,Benin,BEN,2020,12819.427,3251.0,44.0,0.25359947835421975,0.003432290694428074,0.0,47.19952727272727,47.46221818181819,47.485054545454545,47.31818181818182
52,Benin,BEN,2021,13174.363,24935.0,161.0,1.8926911304933682,0.01222070471263013,9.88,40.46769863013699,47.03032876712329,46.35509589041096,51.74657534246575
53,Benin,BEN,2022,13531.365,27982.0,163.0,2.0679362355534714,0.012046086998613962,20.54,16.435753424657534,26.615068493150684,27.62019178082192,19.589041095890412
54,Bermuda,BMU,2020,64.134,604.0,10.0,9.41778151994262,0.15592353509838774,0.0,54.852290909090904,53.72334545454545,55.40509090909091,41.95454545454545
55,Bermuda,BMU,2021,64.236,6420.0,110.0,99.94395665981692,1.7124353944828443,70.42,49.30435616438356,56.14353424657534,58.50841095890411,39.58904109589041
56,Bermuda,BMU,2022,64.132,18622.0,153.0,290.3698621592964,2.385704484500717,74.22,25.330273972602736,43.09293150684932,40.61690410958904,60.41095890410959
57,Bhutan,BTN,2020,775.008,670.0,0.0,0.8645072050869151,0.0,0.0,78.59443636363636,69.38661818181818,69.03901818181818,71.81818181818181
58,Bhutan,BTN,2021,779.965,2660.0,3.0,3.410409441449296,0.0038463264377247694,72.22,58.23676712328766,66.6894794520548,65.55761643835616,74.62328767123287
59,Bhutan,BTN,2022,784.945,62524.0,21.0,79.65398849600928,0.026753466803406605,86.61,29.010383561643835,43.66298630136986,43.963150684931506,41.57534246575342
60,Bolivia,BOL,2020,12009.978,160124.0,9165.0,13.332580625876252,0.7631154694871215,0.0,83.81730909090909,63.65730909090909,67.99672727272727,33.27272727272727
61,Bolivia,BOL,2021,12148.966,599753.0,19680.0,49.36658807012876,1.6198909438054234,37.58,33.68230136986301,45.28246575342465,43.95358904109589,54.58904109589041
62,Bolivia,BOL,2022,12299.254,1161018.0,22299.0,94.39743255973086,1.8130367906866545,50.4,25.928356164383562,36.13295890410959,41.29449315068493,0.0
63,Bosnia and Herzegovina,BIH,2020,3295.841,110985.0,4050.0,33.67425795115723,1.2288214146252807,0.0,57.09341818181819,47.032545454545456,51.89890909090909,12.954545454545455
64,Bosnia and Herzegovina,BIH,2021,3246.045,291313.0,13442.0,89.74398075196123,4.141039326318643,22.29,38.78657534246575,43.32627397260274,43.09290410958904,44.965753424657535
65,Bosnia and Herzegovina,BIH,2022,3221.008,400992.0,16227.0,124.49270538912043,5.037863923343252,26.17,30.4173698630137,35.05490410958904,40.003068493150685,0.410958904109589
66,Botswana,BWA,2020,2569.263,14805.0,42.0,5.762352861501528,0.016347100316316393,0.0,61.386036363636364,51.603418181818185,52.92978181818182,42.31818181818182
67,Botswana,BWA,2021,2607.583,219509.0,2444.0,84.18102127525758,0.9372664264186413,39.31,50.620164383561644,51.89824657534247,58.027945205479455,8.972602739726028
68,Botswana,BWA,2022,2653.009,328760.0,2794.0,123.91967008027488,1.0531438076538753,54.22,7.908027397260275,20.565616438356162,23.50476712328767,0.0
69,Brazil,BRA,2020,213827.672,7681032.0,195072.0,35.92159952057094,0.9122860393859594,0.0,74.89590976430976,62.77151245791246,65.04765656565657,46.84006734006734
70,Brazil,BRA,2021,214824.774,22291839.0,619334.0,103.76754312330849,2.8829728921302156,79.46,58.43625773718924,53.29136478944698,58.25165296803653,18.569254185692543
71,Brazil,BRA,2022,215802.222,36331281.0,693853.0,168.35452695199774,3.2152263937300884,82.85,38.35858905165767,38.80686969930609,43.339568234387045,7.074016962220509
72,Brunei,BRN,2020,443.557,157.0,3.0,0.3539567631668534,0.006763505028665988,0.0,43.37418181818182,45.685781818181816,43.89494545454546,58.22727272727273
73,Brunei,BRN,2021,447.189,15470.0,98.0,34.593874178479346,0.21914671425281032,89.24,52.792767123287675,54.136876712328764,60.11427397260274,12.32876712328767
74,Brunei,BRN,2022,450.814,266819.0,225.0,591.86050122667,0.4990971886409916,99.32,27.37901369863014,40.65339726027397,46.459452054794525,0.0
75,Bulgaria,BGR,2020,6938.114,202266.0,7576.0,29.152879298322283,1.0919393944809785,0.0,48.40527272727273,46.90378181818182,43.96007272727273,67.5
76,Bulgaria,BGR,2021,6833.621,747108.0,30955.0,109.32827559503227,4.52980930607653,28.24,48.39558904109589,55.910493150684935,53.5025205479452,72.77397260273973
77,Bulgaria,BGR,2022,6730.285,1292104.0,38108.0,191.98354898789577,5.66216735249696,30.59,19.005287671232878,31.663369863013695,31.391424657534248,33.56164383561644
78,Burkina Faso,BFA,2020,21813.359,6707.0,85.0,0.3074721321003336,0.003896694681456441,0.0,37.18189090909091,34.106181818181824,38.98323636363636,0.0
79,Burkina Faso,BFA,2021,22388.008,17632.0,318.0,0.7875644854155849,0.014204032801846416,2.86,19.65,30.559726027397264,31.628931506849312,23.08219178082192
80,Burkina Faso,BFA,2022,22959.516,22006.0,395.0,0.9584696820263982,0.01720419541945048,14.71,10.447534246575342,23.096246575342462,26.39235616438356,0.0
81,Burundi,BDI,2020,12386.556,818.0,2.0,0.06603934136332973,0.00016146538230642964,0.0,13.904036363636363,15.2688,16.468763636363636,6.863636363636363
82,Burundi,BDI,2021,12715.87,27366.0,38.0,2.152113854576997,0.0029883916711951285,0.03,16.0901095890411,18.833287671232878,17.687616438356162,26.84931506849315
83,Burundi,BDI,2022,13063.283,51722.0,38.0,3.959341614202188,0.0029089165411175736,0.22,19.626821917808222,24.801479452054796,27.89687671232877,3.1164383561643834
84,Cambodia,KHM,2020,16497.441,378.0,0.0,0.02291264445194864,0.0,0.0,55.0164,43.058763636363636,44.8292,30.681818181818183
85,Cambodia,KHM,2021,16680.606,120493.0,3012.0,7.223538521322307,0.18056897932844887,81.46,71.35457534246575,61.13572602739726,68.41594520547945,10.17123287671233
86,Cambodia,KHM,2022,16855.079,138584.0,3056.0,8.222091394528615,0.18131033381688688,87.11,20.186465753424656,27.57186301369863,30.514054794520547,6.986301369863014
87,Cameroon,CMR,2020,26845.044,26277.0,448.0,0.9788398931288769,0.01668836899652688,0.0,53.01225454545454,43.613018181818184,47.12872727272727,19.0
88,Cameroon,CMR,2021,27552.212,109367.0,1851.0,3.9694453570551795,0.06718153881800852,2.36,31.259095890410958,28.890931506849316,33.020219178082186,0.0
89,Cameroon,CMR,2022,28276.861,123993.0,1965.0,4.38496338048272,0.06949144744177933,11.15,21.27191780821918,29.82901369863014,33.88487671232877,1.4383561643835616
90,Canada,CAN,2020,38019.178,590249.0,15736.0,15.525033181937811,0.41389637619203656,0.0,65.80587272727273,62.319270129870134,62.06107272727273,64.12337662337663
91,Canada,CAN,2021,38290.846,2223735.0,30320.0,58.07484640062536,0.7918341631835453,85.9,58.35503522504892,60.29037964774952,64.32269080234833,32.06213307240704
92,Canada,CAN,2022,38617.808,4505142.0,49238.0,116.65970269467392,1.2750076337838752,91.8,22.749434442270058,34.679931506849314,35.18276516634051,31.164383561643834
93,Cape Verde,CPV,2020,585.347,11840.0,113.0,20.22731815487224,0.19304788441727727,0.0,72.57898181818182,69.09563636363636,68.25156363636364,75.0
94,Cape Verde,CPV,2021,590.503,41732.0,352.0,70.6719525557025,0.5961019673058392,43.15,53.88331506849315,55.659342465753426,56.13794520547945,52.294520547945204
95,Cape Verde,CPV,2022,595.796,63200.0,412.0,106.07657654633465,0.6915118597640803,52.05,27.474821917808217,34.51550684931507,37.96,10.41095890410959
96,Central African Republic,CAF,2020,5414.014,4963.0,63.0,0.9166950805816165,0.011636467877622776,0.0,50.677018181818184,40.88541818181818,41.65589090909091,35.5
97,Central African Republic,CAF,2021,5500.295,12163.0,101.0,2.211335937436083,0.018362651457785446,6.0,16.270712328767125,19.227123287671233,21.82813698630137,1.0273972602739727
98,Central African Republic,CAF,2022,5657.992,15351.0,113.0,2.713153359000861,0.01997174969494478,34.68,15.832273972602739,25.213205479452053,28.81468493150685,0.0
99,Chad,TCD,2020,16910.218,2113.0,104.0,0.12495403666587858,0.0061501276920262055,0.0,70.62098181818182,56.88756363636364,58.87189090909091,43.0
100,Chad,TCD,2021,17449.262,5703.0,181.0,0.3268333067610539,0.010372931531430957,0.46,30.004575342465753,38.43178082191781,39.48923287671233,31.027397260273972
101,Chad,TCD,2022,17997.367,7650.0,194.0,0.425062177150691,0.010779354557808374,20.45,24.29835616438356,30.365616438356167,34.272904109589035,3.0136986301369864
102,Chile,CHL,2020,19393.941,608973.0,16608.0,31.400167712173612,0.8563499290835216,0.0,82.90167272727273,76.12523636363636,76.25225454545455,75.22727272727273
103,Chile,CHL,2021,19592.428,1806494.0,39115.0,92.20368195304839,1.9964345409359168,84.41,64.63060273972603,68.66254794520547,70.25019178082192,57.534246575342465
104,Chile,CHL,2022,19615.038,5037527.0,63172.0,256.8196401148955,3.220590243057393,90.27,24.32643835616438,35.13884931506849,40.157835616438355,0.0
105,China,CHN,2020,1425861.543,93679.0,4733.0,0.06569992749990312,0.003319396629522534,0.0,71.3472,65.36909090909091,69.24803636363636,38.22727272727273
106,China,CHN,2021,1425925.386,115168.0,4890.0,0.08076719941361644,0.0034293519478725376,84.68,71.18353424657533,72.90805479452054,74.39660273972602,62.5
107,China,CHN,2022,1425849.288,1956071.0,5549.0,1.3718637842458985,0.003891715657959497,89.35,71.08586301369863,76.25232876712329,78.21471232876712,62.5
108,Colombia,COL,2020,51244.297,1642775.0,43213.0,32.057713661288005,0.8432743257264316,0.0,77.89796363636363,70.72970909090908,70.19476363636365,74.45454545454545
109,Colombia,COL,2021,51788.827,5157440.0,129942.0,99.58595895597327,2.509074013203659,54.6,61.00991780821918,64.87394520547946,63.79843835616438,72.3972602739726
110,Colombia,COL,2022,51959.221,6336660.0,141881.0,121.95448426757592,2.73062215463161,71.09,27.756493150684932,39.742520547945205,43.52597260273973,13.253424657534246
111,Comoros,COM,2020,814.006,823.0,10.0,1.0110490586064476,0.01228492173276364,0.0,,,,
112,Comoros,COM,2021,829.245,6515.0,157.0,7.856544205874018,0.18932884732497635,29.41,,,,
113,Comoros,COM,2022,844.302,8982.0,161.0,10.638373472998998,0.1906900611392606,47.45,,,,
114,Congo,COG,2020,5769.06,7107.0,114.0,1.231916464727356,0.019760584913313433,0.0,67.06381818181818,50.64461818181818,55.050036363636366,19.818181818181817
115,Congo,COG,2021,5902.552,20089.0,367.0,3.4034431208738187,0.06217649586145112,2.28,45.12271232876713,41.37575342465753,46.890630136986296,2.7739726027397262
116,Congo,COG,2022,6038.296,25375.0,386.0,4.202344502488781,0.06392531932849929,10.96,33.43334246575343,35.409205479452055,40.46964383561644,0.0
117,Costa Rica,CRI,2020,5140.851,169321.0,2185.0,32.93637570900226,0.42502690702375934,0.0,66.28265454545455,54.36603636363636,55.09494545454546,49.27272727272727
118,Costa Rica,CRI,2021,5167.063,570556.0,7353.0,110.42172313362542,1.4230521284528561,67.66,56.327260273972605,57.38956164383561,60.47038356164384,35.821917808219176
119,Costa Rica,CRI,2022,5194.595,1161687.0,9072.0,223.63379628248208,1.7464306649507806,82.82,19.1693698630137,29.932520547945202,32.53476712328767,11.712328767123287
120,Cote d'Ivoire,CIV,2020,27146.007,22490.0,137.0,0.8284828041192209,0.0050467827551948985,0.0,47.8108,47.578472727272725,45.95916363636364,58.90909090909091
121,Cote d'Ivoire,CIV,2021,27810.491,71004.0,714.0,2.5531372315576877,0.025673764623573167,7.68,19.700410958904108,38.135506849315064,35.050657534246575,59.726027397260275
122,Cote d'Ivoire,CIV,2022,28510.594,87941.0,831.0,3.084502553682326,0.02914706021207415,41.41,16.024657534246575,27.557342465753425,30.056849315068494,10.068493150684931
123,Croatia,HRV,2020,4079.1,210837.0,3920.0,51.68713686842686,0.960996298203035,0.0,50.39090909090909,57.34203636363636,55.50265454545455,70.22727272727273
124,Croatia,HRV,2021,4041.171,715245.0,12538.0,176.98954090287197,3.102566063153477,48.47,40.754684931506844,50.04868493150685,50.63920547945206,45.92465753424658
125,Croatia,HRV,2022,4019.544,1263901.0,17596.0,314.4389015271384,4.377610992689718,55.84,16.558,27.824164383561644,31.724438356164384,0.5136986301369864
126,Cuba,CUB,2020,11292.16,11863.0,146.0,1.0505518873271367,0.012929324416232147,0.0,75.85501818181818,65.0852,67.32505454545455,49.40909090909091
127,Cuba,CUB,2021,11220.585,966004.0,8322.0,86.09212443023247,0.7416725598531628,86.27,68.03665753424657,66.62638356164383,69.16073972602739,48.86986301369863
128,Cuba,CUB,2022,11203.797,1111993.0,8530.0,99.25144127477496,0.7613490319397969,89.22,16.76490410958904,30.707698630136985,28.47808219178082,46.3013698630137
129,Cyprus,CYP,2020,1241.296,22346.0,120.0,18.002152588907077,0.09667315450948041,0.0,65.63763636363636,68.3352,63.81072727272728,100.0
130,Cyprus,CYP,2021,1247.08,166827.0,638.0,133.77409628893096,0.5115950861211791,67.84,59.49586301369863,72.09443835616439,68.10895890410958,100.0
131,Cyprus,CYP,2022,1255.897,631111.0,1258.0,502.51812051466004,1.0016745003770213,72.1,24.206328767123285,47.93939726027398,42.61435616438356,85.20547945205479
132,Czech Republic,CZE,2020,10523.996,718661.0,11580.0,68.28784427512136,1.100342493478713,0.0,51.02850909090909,56.582290909090915,54.39261818181818,71.9090909090909
133,Czech Republic,CZE,2021,10497.505,2475729.0,36129.0,235.83975430352262,3.441674950381067,63.45,55.17052054794521,65.01356164383562,64.40446575342466,69.28082191780823
134,Czech Republic,CZE,2022,10490.467,4579875.0,42131.0,436.57493989543076,4.0161224471703685,65.67,18.49945205479452,31.576082191780824,32.65054794520548,24.041095890410958
135,Democratic Republic of Congo,COD,2020,94374.379,17658.0,591.0,0.18710586694297612,0.006262292862345616,0.0,55.173490909090916,44.94676363636364,46.8484,31.636363636363637
136,Democratic Republic of Congo,COD,2021,97413.858,74793.0,1205.0,0.7677860371775852,0.012369903263660907,0.12,37.13482191780822,31.12098630136986,33.03191780821918,17.73972602739726
137,Democratic Republic of Congo,COD,2022,100606.566,95173.0,1462.0,0.9459919345622033,0.014531854710158778,6.92,30.74920547945205,32.80293150684931,37.49019178082192,0.0
138,Denmark,DNK,2020,5840.504,163479.0,1298.0,27.990563828053197,0.2222410942617281,0.0,55.65389090909091,56.28792727272727,51.97047272727272,86.5
139,Denmark,DNK,2021,5867.977,802397.0,3267.0,136.74167434534934,0.5567506484773203,77.19,46.16438356164384,53.26545205479452,56.17816438356164,32.87671232876713
140,Denmark,DNK,2022,5896.546,3385836.0,7758.0,574.206662680152,1.3156854877414677,80.77,13.32767123287671,23.5853698630137,26.953945205479453,0.0
141,Djibouti,DJI,2020,1097.968,5831.0,61.0,5.31071943808927,0.05555717470818821,0.0,57.81894545454545,48.683854545454544,54.03676363636364,11.227272727272727
142,Djibouti,DJI,2021,1113.147,13656.0,189.0,12.26792148745853,0.16978889580621429,2.33,42.17846575342466,40.74167123287671,45.103232876712326,10.205479452054794
143,Djibouti,DJI,2022,1128.55,15690.0,189.0,13.902795622701698,0.16747153426963804,26.5,31.099890410958906,33.217479452054796,37.96238356164384,0.0
144,Dominica,DMA,2020,72.225,88.0,0.0,1.2184146763586017,0.0,0.0,48.35592727272727,51.42454545454545,52.459272727272726,44.18181818181818
145,Dominica,DMA,2021,72.6,6814.0,47.0,93.85674931129478,0.6473829201101929,37.96,44.17087671232876,51.037424657534245,57.026219178082194,9.10958904109589
146,Dominica,DMA,2022,72.875,15760.0,74.0,216.2607204116638,1.0154373927958833,42.14,38.31358904109589,44.94191780821917,51.362630136986304,0.0
147,Dominican Republic,DOM,2020,11059.98,170785.0,2414.0,15.441709659511138,0.21826440915806358,0.0,78.94785454545455,64.69029090909092,70.36196363636364,25.0
148,Dominican Republic,DOM,2021,11175.767,418778.0,4247.0,37.471969485405346,0.38001866001680246,50.76,60.448684931506854,59.022684931506845,65.8152602739726,11.472602739726028
149,Dominican Republic,DOM,2022,11281.875,655540.0,4384.0,58.105589718021164,0.38858788986759735,54.07,11.384027397260274,23.00021917808219,26.289342465753425,0.0
150,Ecuador,ECU,2020,17690.028,212512.0,14034.0,12.01309573958843,0.7933283090337676,0.0,71.54287272727274,65.70698181818183,64.37825454545455,75.0
151,Ecuador,ECU,2021,17905.446,549418.0,33681.0,30.684407414369907,1.8810478108168878,70.5,63.15,67.23197260273973,66.12232876712329,75.0
152,Ecuador,ECU,2022,18096.554,1040463.0,35940.0,57.495089949169326,1.9860134697467817,78.97,25.86567123287671,46.20767123287671,44.294301369863014,59.58904109589041
153,Egypt,EGY,2020,108391.549,138062.0,7631.0,1.2737339882466299,0.07040216760810383,0.0,75.87665454545456,67.15934545454546,66.3693090909091,72.68181818181819
154,Egypt,EGY,2021,110132.806,385575.0,21752.0,3.5010004194390545,0.19750699895905677,18.58,44.260438356164386,49.79043835616438,46.187013698630146,75.0
155,Egypt,EGY,2022,111847.4,515645.0,24801.0,4.610254686295793,0.22173962023256688,36.12,25.70676712328767,35.98060273972603,36.089287671232874,35.205479452054796
156,El Salvador,SLV,2020,6304.54,46242.0,1327.0,7.33471434870744,0.21048323906264374,0.0,76.03992727272727,66.34334545454546,65.55101818181818,71.9090909090909
157,El Salvador,SLV,2021,6323.795,121945.0,3824.0,19.283515673737053,0.6047001839876214,65.6,33.87361643835616,41.6032602739726,42.027726027397264,38.63013698630137
158,El Salvador,SLV,2022,6348.989,201785.0,4230.0,31.78222548503392,0.6662478073280644,68.56,26.699561643835615,32.47712328767123,37.11605479452055,0.0
159,Eritrea,ERI,2020,3588.083,1320.0,3.0,0.367884466440715,0.000836101060092534,,,,,
160,Eritrea,ERI,2021,3652.541,8011.0,76.0,2.19326764572937,0.020807432414858586,,,,,
161,Eritrea,ERI,2022,3715.522,10189.0,103.0,2.7422795504911557,0.027721542222061933,,,,,
162,Estonia,EST,2020,1329.802,27990.0,229.0,21.048246280273304,0.1722060878236008,0.01,44.564690909090906,43.36792727272727,41.37229090909091,57.31818181818182
163,Estonia,EST,2021,1327.6,241408.0,1932.0,181.83790298282617,1.4552576077131667,61.47,38.15901369863014,44.430027397260275,46.20863013698631,31.986301369863014
164,Estonia,EST,2022,1324.524,611891.0,2854.0,461.9704890209615,2.1547363430183224,63.96,21.583041095890408,38.48906849315068,35.291534246575345,60.89041095890411
165,Eswatini,SWZ,2020,1187.088,9358.0,205.0,7.883156092892861,0.17269149380669335,0.0,69.72770909090909,52.66541818181818,55.953345454545456,29.636363636363637
166,Eswatini,SWZ,2021,1197.454,66109.0,1303.0,55.20796623502866,1.0881420079602224,25.07,60.916356164383565,61.7346301369863,66.5818904109589,27.80821917808219
167,Eswatini,SWZ,2022,1205.887,74021.0,1422.0,61.38303174343865,1.1792149679032944,28.47,28.589835616438354,36.84172602739726,42.10383561643835,0.0
168,Ethiopia,ETH,2020,118743.462,124264.0,1923.0,1.0464913007168344,0.0161945758327309,0.0,71.95530909090908,57.34101818181818,61.45727272727273,28.545454545454547
169,Ethiopia,ETH,2021,121822.59,420342.0,6937.0,3.4504437970002115,0.05694346179965473,0.0,43.71717808219178,45.02364383561643,51.45767123287671,0.0
170,Ethiopia,ETH,2022,124937.259,498001.0,7572.0,3.9860086893694375,0.06060642005920747,29.75,34.879835616438356,39.3458904109589,44.96632876712329,0.0
171,Faeroe Islands,FRO,2020,52.782,610.0,0.0,11.556970179227768,0.0,0.0,40.34690909090909,47.09632727272727,43.1072,75.0
172,Faeroe Islands,FRO,2021,52.995,5764.0,14.0,108.764977828097,0.2641758656477026,76.3,35.904520547945204,43.64920547945206,46.77430136986301,21.78082191780822
173,Faeroe Islands,FRO,2022,53.184,34658.0,28.0,651.6621540312876,0.52647412755716,76.99,13.599863013698629,17.159232876712327,19.616712328767125,0.0
174,Fiji,FJI,2020,922.753,49.0,2.0,0.053101967698831645,0.0021674272530135368,0.0,59.11614545454545,59.4176,57.19050909090909,75.0
175,Fiji,FJI,2021,926.466,53332.0,698.0,57.5649834964262,0.753400556523391,65.13,73.25720547945205,70.66665753424657,70.52671232876712,71.64383561643835
176,Fiji,FJI,2022,933.066,68702.0,881.0,73.63037555757042,0.9441990170041562,68.89,38.654356164383564,46.66627397260274,48.71668493150685,32.32876712328767
177,Finland,FIN,2020,5533.721,36422.0,592.0,6.58182803216859,0.10698045673065196,0.0,44.77352727272727,45.99458181818182,42.695854545454544,69.0909090909091
178,Finland,FIN,2021,5538.263,270829.0,1714.0,48.90143353611051,0.3094833163394371,73.73,42.45320547945205,52.98402739726028,49.83967123287671,75.0
179,Finland,FIN,2022,5543.228,1438205.0,7933.0,259.45261497452384,1.4311155882456936,78.46,16.35619178082192,39.9318904109589,38.4932602739726,50.0
180,France,FRA,2020,64502.346,2616902.0,64267.0,40.57064839161044,0.9963513575149655,0.0,63.85316363636363,61.916363636363634,60.412181818181814,72.45454545454545
181,France,FRA,2021,64560.542,9761814.0,121201.0,151.20402799592358,1.8773231488669968,73.21,52.6787397260274,58.94717808219178,61.418328767123285,41.64383561643836
182,France,FRA,2022,64692.714,38266999.0,158385.0,591.5194561168047,2.4482664307451993,78.37,19.81345205479452,32.4341095890411,36.36441095890411,4.931506849315069
183,Gabon,GAB,2020,2317.151,9571.0,64.0,4.130503363829116,0.027620124886120933,0.0,76.34694545454545,69.1296,66.7492,85.77272727272727
184,Gabon,GAB,2021,2365.207,41798.0,288.0,17.672026169379677,0.12176524084361327,7.25,62.33534246575343,54.89884931506849,57.45304109589041,37.02054794520548
185,Gabon,GAB,2022,2412.778,48980.0,306.0,20.300251411443575,0.1268247638199619,10.77,16.86041095890411,25.391726027397258,29.016164383561645,0.0
186,Gambia,GMB,2020,2606.941,3797.0,124.0,1.4564963303734149,0.04756532656473622,0.0,65.90196363636365,51.001127272727274,57.85185454545454,3.0454545454545454
187,Gambia,GMB,2021,2672.89,10170.0,343.0,3.8048703837419424,0.1283255203169603,9.22,32.043150684931504,39.06013698630137,43.62315068493151,7.123287671232877
188,Gambia,GMB,2022,2739.094,12586.0,372.0,4.59495000901758,0.13581133031579054,16.79,13.745287671232877,27.891397260273973,31.874000000000002,0.0
189,Georgia,GEO,2020,3762.641,227420.0,2505.0,60.441588767038894,0.6657557816437976,0.0,70.32345454545455,59.82512727272727,63.46207272727273,34.36363636363637
190,Georgia,GEO,2021,3753.319,934741.0,13800.0,249.04384625980367,3.6767458348197954,30.68,55.05591780821918,53.826054794520545,57.79797260273972,26.027397260273972
191,Georgia,GEO,2022,3735.452,1808820.0,16897.0,484.23055630215566,4.523415104785177,34.08,18.407890410958906,28.90386301369863,33.03342465753425,0.0
192,Germany,DEU,2020,83390.32,1719737.0,33071.0,20.622741344558936,0.3965808021842343,0.0,62.22730909090909,58.715163636363634,60.61687272727273,45.40909090909091
193,Germany,DEU,2021,83426.789,7109182.0,111602.0,85.21461853218395,1.3377237855816313,70.96,61.776,62.15490410958904,65.67580821917808,37.5
194,Germany,DEU,2022,83312.897,37369866.0,161465.0,448.5483922135129,1.938055280924873,76.23,24.624082191780825,52.88704109589041,46.84043835616438,95.20547945205479
195,Ghana,GHA,2020,32511.557,54771.0,335.0,1.6846624724863224,0.01030402819526607,0.0,52.74065454545455,46.67072727272727,49.02818181818182,30.181818181818183
196,Ghana,GHA,2021,33154.506,142986.0,1295.0,4.312716950148496,0.039059547441304056,6.97,42.841150684931506,43.577041095890415,49.80194520547945,0.0
197,Ghana,GHA,2022,33797.235,171048.0,1461.0,5.061005730202486,0.04322838835780501,27.43,42.37112328767123,41.30690410958904,47.206575342465754,0.0
198,Greece,GRC,2020,10481.118,138850.0,4838.0,13.247632552176208,0.46159197902361176,0.0,66.15894545454545,66.49945454545454,65.51916363636364,73.36363636363636
199,Greece,GRC,2021,10409.612,1210853.0,20790.0,116.32066593836544,1.997192594690369,67.8,72.27019178082192,78.17342465753424,76.84038356164385,87.5
200,Greece,GRC,2022,10360.33,5548487.0,34779.0,535.5511841804267,3.3569394025093797,73.6,32.41572602739726,50.66465753424657,43.703890410958905,99.38356164383562
201,Greenland,GRL,2020,56.119,27.0,0.0,0.4811204761310786,0.0,0.0,41.47189090909091,37.92996363636364,39.78454545454545,24.954545454545453
202,Greenland,GRL,2021,56.367,2611.0,1.0,46.321429205031315,0.01774087675412919,67.36,40.23791780821918,46.244547945205476,48.05068493150685,33.5958904109589
203,Greenland,GRL,2022,56.565,11971.0,21.0,211.6326350216565,0.37125430920180325,68.17,17.486301369863014,25.28660273972603,28.898630136986302,0.0
204,Grenada,GRD,2020,124.167,127.0,0.0,1.0228160461314197,0.0,0.0,,,,
205,Grenada,GRD,2021,125.053,6181.0,200.0,49.42704293379607,1.5993218875196917,28.26,,,,
206,Grenada,GRD,2022,125.822,19644.0,238.0,156.12531989636153,1.8915610942442498,31.07,29.435287356321837,36.867816091954026,42.13551724137931,0.0
207,Guam,GUM,2020,169.886,7308.0,121.0,43.017082043252536,0.7122423272076569,,,,,
208,Guam,GUM,2021,171.182,19607.0,270.0,114.53891180147446,1.5772686380577399,,,,,
209,Guam,GUM,2022,172.367,60020.0,411.0,348.21050433087544,2.384447138953512,,,,,
210,Guatemala,GTM,2020,17494.265,138012.0,4813.0,7.888985333193478,0.27511873176723917,0.0,77.43360000000001,64.39610909090909,64.40141818181819,64.36363636363636
211,Guatemala,GTM,2021,17722.702,628359.0,16107.0,35.45503388817348,0.9088343301151257,26.27,53.606904109589046,56.05778082191781,55.56197260273972,59.52054794520548
212,Guatemala,GTM,2022,17965.114,1204132.0,20001.0,67.02612630234353,1.113324413081932,39.38,42.691616438356164,46.84364383561644,49.82008219178082,26.027397260273972
213,Guinea,GIN,2020,13368.719,13722.0,81.0,1.0264259425304698,0.006058920080525292,0.0,66.678,56.064400000000006,58.29512727272727,40.45454545454545
214,Guinea,GIN,2021,13695.093,32051.0,391.0,2.3403272982520087,0.028550372020109682,6.68,61.46356164383562,55.14016438356165,62.81030136986301,1.4383561643835616
215,Guinea,GIN,2022,14023.588,38210.0,466.0,2.7246949924655515,0.03322972694291931,23.77,43.57789041095891,41.88156164383562,47.85986301369863,0.0
216,Guyana,GUY,2020,802.562,6332.0,164.0,7.889733129652289,0.20434558326957916,0.0,77.24989090909091,65.91760000000001,71.34814545454545,27.90909090909091
217,Guyana,GUY,2021,806.572,39573.0,1054.0,49.06319584612409,1.306764926131827,36.37,63.200794520547944,66.57178082191781,69.25290410958904,47.80821917808219
218,Guyana,GUY,2022,810.879,72163.0,1286.0,88.99354897586446,1.5859332896770049,47.0,31.539835616438353,39.17890410958904,40.821698630136986,27.671232876712327
219,Haiti,HTI,2020,11379.095,9999.0,236.0,0.8787166290465104,0.02073978642414006,0.0,54.98905454545454,45.28549090909091,45.4189090909091,44.36363636363637
220,Haiti,HTI,2021,11516.043,26169.0,773.0,2.2723951273888088,0.06712375075362258,0.64,49.045452054794524,52.10895890410959,53.974712328767126,39.04109589041096
221,Haiti,HTI,2022,11653.948,33893.0,860.0,2.9082848147254476,0.0737947346255535,2.05,38.30750684931507,41.56421917808219,47.15580821917809,2.3972602739726026
222,Honduras,HND,2020,10201.736,121827.0,3130.0,11.941791083399922,0.30681052714949686,0.0,88.99658181818182,74.5176,73.42312727272727,82.18181818181819
223,Honduras,HND,2021,10354.955,379402.0,10433.0,36.63965705307266,1.0075369714305857,41.18,84.02035616438356,74.2658904109589,75.5847397260274,65.03424657534246
224,Honduras,HND,2022,10510.764,465915.0,11071.0,44.32741520977923,1.0533011682119398,55.19,32.72901369863014,50.39268493150684,48.65917808219178,62.534246575342465
225,Hong Kong,HKG,2020,7500.008,8846.0,148.0,1.179465408570231,0.019733312284466897,0.0,60.04567272727273,65.38181818181818,61.111163636363635,95.27272727272727
226,Hong Kong,HKG,2021,7489.149,12649.0,213.0,1.6889769451776162,0.02844114865387242,62.25,65.32454794520548,73.0566301369863,72.78213698630137,75.0
227,Hong Kong,HKG,2022,7488.581,2625633.0,11807.0,350.61822793931185,1.576667195026668,90.64,53.58693150684931,66.58021917808219,67.47035616438356,60.342465753424655
228,Hungary,HUN,2020,9731.025,322514.0,9537.0,33.14286007897421,0.9800611960199466,0.0,57.3016,53.911781818181815,53.10898181818182,59.54545454545455
229,Hungary,HUN,2021,9688.547,1256415.0,39186.0,129.68043608603023,4.044569324997855,60.01,48.19843835616438,53.6992602739726,55.7491506849315,39.34931506849315
230,Hungary,HUN,2022,10246.068,2185816.0,48495.0,213.33217776809602,4.7330351506548665,62.28,9.861424657534247,26.436520547945204,24.050849315068493,43.15068493150685
231,Iceland,ISL,2020,368.998,5754.0,29.0,15.593580453010587,0.07859121187648714,0.0,46.234654545454546,54.603854545454546,48.62563636363636,96.45454545454545
232,Iceland,ISL,2021,371.672,27059.0,37.0,72.80343959189823,0.09955014098452399,76.14,37.797917808219175,54.68224657534247,49.01487671232877,94.34931506849315
233,Iceland,ISL,2022,374.125,207974.0,229.0,555.8944203140661,0.6120948880721684,77.82,14.32372602739726,26.655095890410962,24.02717808219178,45.06849315068493
234,India,IND,2020,1402807.867,10286709.0,148994.0,7.332942195426111,0.10621126635013374,0.0,78.97901818181818,68.88505454545454,70.39912727272728,58.27272727272727
235,India,IND,2021,1412319.817,34861579.0,481486.0,24.683912652342254,0.34091853290195673,42.57,67.124,65.88961643835616,71.18356164383562,28.835616438356166
236,India,IND,2022,1422026.528,44679873.0,530705.0,31.419858997173364,0.3732033049667552,67.12,41.686109589041095,44.01408219178082,48.217479452054796,14.58904109589041
237,Indonesia,IDN,2020,272890.093,743198.0,22138.0,2.723433422700325,0.08112423487649294,0.0,64.90865454545455,54.56992727272727,58.02436363636364,30.40909090909091
238,Indonesia,IDN,2021,274616.289,4262720.0,144094.0,15.522458684160576,0.524710316801346,41.26,68.63630136986302,64.71558904109588,68.60216438356164,37.5
239,Indonesia,IDN,2022,276386.389,6719815.0,160612.0,24.313118400342063,0.5811139997925151,62.63,39.67134246575342,52.54104109589041,50.1645205479452,69.17808219178082
240,Iran,IRN,2020,87590.223,1225142.0,55223.0,13.987200375092092,0.6304699098665384,0.0,58.364836363636364,47.28887272727273,47.18105454545454,48.04545454545455
241,Iran,IRN,2021,88256.642,6194401.0,131606.0,70.18623028961377,1.4911738880797207,57.81,73.56334246575342,62.06841095890411,65.57893150684932,37.5
242,Iran,IRN,2022,88844.498,7561140.0,144685.0,85.10532638723446,1.6285195285812746,66.08,56.29797260273972,51.03123287671233,54.2848493150685,28.253424657534246
243,Iraq,IRQ,2020,43071.016,595291.0,12813.0,13.821150631784493,0.297485436610086,0.0,76.29261818181818,64.644,67.93127272727274,41.63636363636363
244,Iraq,IRQ,2021,43996.169,2093740.0,24158.0,47.589143500198844,0.549093263097521,12.67,70.81345205479452,61.91786301369863,65.10457534246575,39.62328767123287
245,Iraq,IRQ,2022,44996.074,2465107.0,25373.0,54.78493523679421,0.563893641031882,17.85,39.63019178082192,38.74745205479452,44.2827397260274,0.0
246,Ireland,IRL,2020,4967.164,91779.0,2237.0,18.477143094127758,0.45035758835424,0.0,70.19,67.93625454545455,63.83814545454546,96.63636363636364
247,Ireland,IRL,2021,5005.888,788559.0,5912.0,157.5262970326144,1.181009243514837,77.28,58.556876712328766,71.24394520547945,67.1361095890411,100.0
248,Ireland,IRL,2022,5040.329,1687668.0,8293.0,334.8329047568125,1.6453291045088525,80.82,12.88567123287671,28.497369863013695,26.695479452054794,41.0958904109589
249,Israel,ISR,2020,8829.385,423262.0,3325.0,47.93788015813106,0.37658342002302536,0.0,68.75796363636363,69.58152727272727,66.30236363636364,92.54545454545455
250,Israel,ISR,2021,8970.733,1383932.0,8243.0,154.27189729089028,0.9188769747132146,62.89,51.76084931506849,63.771315068493145,62.16671232876712,75.0
251,Israel,ISR,2022,9105.885,4763676.0,12037.0,523.1425611019687,1.3218923805868403,65.17,20.00158904109589,44.58791780821918,40.23813698630137,75.0
252,Italy,ITA,2020,59361.259,2107166.0,74159.0,35.497326631835755,1.2492828024419091,0.0,73.51174545454545,70.5972,70.77185454545456,69.36363636363636
253,Italy,ITA,2021,59119.4,6125683.0,137402.0,103.61544602956052,2.324144020406161,75.76,64.68704109589041,73.65241095890411,73.46000000000001,75.0
254,Italy,ITA,2022,58955.548,25143705.0,184642.0,426.48581605924517,3.1318850602491217,81.23,27.4866301369863,49.648438356164384,49.93649315068493,47.67123287671233
255,Jamaica,JAM,2020,2826.398,12827.0,302.0,4.538285124741809,0.10684977841054231,0.0,77.49927272727273,67.66694545454546,70.29501818181818,49.27272727272727
256,Jamaica,JAM,2021,2828.991,93920.0,2473.0,33.199115868519904,0.8741632617424375,20.05,73.64923287671233,70.16139726027397,76.89736986301371,23.013698630136986
257,Jamaica,JAM,2022,2825.763,152758.0,3461.0,54.0590275971481,1.2248019384498983,26.3,25.397123287671235,31.667917808219176,36.191315068493154,0.0
258,Japan,JPN,2020,124946.751,235749.0,3492.0,1.886795759899351,0.02794790558419562,0.0,36.15290909090909,49.24996363636364,43.16803636363637,91.81818181818181
259,Japan,JPN,2021,124278.31,1733307.0,18392.0,13.94697916313796,0.14799042568248635,80.44,48.84783561643835,57.73986301369863,51.70476712328767,100.0
260,Japan,JPN,2022,123625.074,29234677.0,57274.0,236.47853994408936,0.4632878925516356,83.22,39.68030136986301,49.43216438356165,44.00945205479452,87.3972602739726
261,Jordan,JOR,2020,11040.365,294494.0,3834.0,26.674299264562357,0.3472711273585611,0.0,71.72098181818183,57.8004,60.69840000000001,37.5
262,Jordan,JOR,2021,11256.19,1063405.0,12653.0,94.47290779562178,1.1240926103770459,34.86,50.423452054794524,48.62654794520547,52.22454794520548,23.424657534246574
263,Jordan,JOR,2022,11315.547,1746997.0,14122.0,154.38908963039967,1.2480174400760298,40.39,15.820767123287672,28.89827397260274,29.78109589041096,22.73972602739726
264,Kazakhstan,KAZ,2020,19097.429,201196.0,2749.0,10.535240110069266,0.14394607776785032,0.0,79.18447272727272,65.04043636363636,70.2093090909091,28.863636363636363
265,Kazakhstan,KAZ,2021,19295.502,1072518.0,18211.0,55.58383503056826,0.9437950875805149,43.9,66.76742465753425,53.324684931506845,59.582109589041096,9.520547945205479
266,Kazakhstan,KAZ,2022,19500.494,1488306.0,19057.0,76.32145113862244,0.9772572940972676,54.72,22.875397260273974,31.76912328767123,36.307972602739724,0.0
267,Kenya,KEN,2020,52511.349,96458.0,1670.0,1.8368981531973212,0.031802648985460265,0.0,71.3676,60.07407272727272,63.29149090909091,37.54545454545455
268,Kenya,KEN,2021,53499.879,295028.0,5378.0,5.514554528244821,0.10052359183840397,7.69,56.08969863013699,58.99263013698631,62.783589041095894,32.465753424657535
269,Kenya,KEN,2022,54555.095,342499.0,5688.0,6.278038742302621,0.10426157263588304,20.05,40.50810958904109,42.29558904109589,47.81978082191781,3.6301369863013697
270,Kiribati,KIR,2020,127.671,0.0,0.0,0.0,0.0,0.0,23.41872727272727,15.254436363636364,17.440254545454547,0.0
271,Kiribati,KIR,2021,130.077,2.0,0.0,0.015375508352744913,0.0,17.28,27.13682191780822,23.34131506849315,24.172520547945208,17.534246575342465
272,Kiribati,KIR,2022,132.386,3430.0,13.0,25.909084042119257,0.09819769462027707,56.3,29.111424657534247,40.57432876712328,43.4646301369863,20.34246575342466
273,Kosovo,RKS,2020,,51144.0,1332.0,,,0.0,70.21949090909091,61.75738181818181,61.652436363636355,62.5
274,Kosovo,RKS,2021,,161484.0,2990.0,,,43.92,52.047232876712336,54.42627397260274,56.873342465753424,37.294520547945204
275,Kosovo,RKS,2022,,272283.0,3202.0,,,46.29,35.66509589041096,33.67912328767123,38.489917808219175,0.0
276,Kuwait,KWT,2020,4252.528,150584.0,934.0,35.41046643314282,0.21963406237419247,0.0,79.29825454545454,64.45934545454546,68.77716363636364,34.22727272727273
277,Kuwait,KWT,2021,4247.7,417135.0,2468.0,98.20255667773148,0.581020316877369,75.35,65.0757808219178,64.26616438356164,68.2967397260274,36.06164383561644
278,Kuwait,KWT,2022,4290.046,662747.0,2570.0,154.48482370585302,0.5990611755678144,78.32,18.076465753424657,32.66991780821918,31.701534246575342,39.486301369863014
279,Kyrgyz Republic,KGZ,2020,6477.418,81034.0,1498.0,12.51023170034727,0.23126498861120282,0.0,72.4276,60.57287272727273,62.11527272727273,49.77272727272727
280,Kyrgyz Republic,KGZ,2021,6578.069,184689.0,2802.0,28.07647654653668,0.42596087088779394,14.95,48.945287671232876,50.949643835616435,49.84594520547945,58.66438356164384
281,Kyrgyz Republic,KGZ,2022,6683.177,206557.0,2991.0,30.907007251192063,0.4475416407496016,20.53,29.420164383561644,44.3646301369863,39.9854794520548,75.0
282,Laos,LAO,2020,7373.145,41.0,0.0,0.005560720696527736,0.0,0.0,44.43381818181818,47.9408,46.71170909090909,56.54545454545455
283,Laos,LAO,2021,7476.97,111060.0,372.0,14.853610486600855,0.049752774185264886,41.16,53.32117808219178,62.06073972602739,58.77824657534247,85.03424657534246
284,Laos,LAO,2022,7581.98,217797.0,758.0,28.72560993302541,0.09997388544944724,69.36,50.16328767123287,58.35915068493151,55.32087671232876,79.62328767123287
285,Latvia,LVA,2020,1886.86,40904.0,635.0,21.678343915287833,0.3365379519413205,0.0,49.3636,53.904436363636364,52.30669090909091,65.0909090909091
286,Latvia,LVA,2021,1860.978,276674.0,4570.0,148.67129004211765,2.455698025446835,68.22,49.57482191780822,51.50564383561644,51.12482191780822,54.178082191780824
287,Latvia,LVA,2022,1840.324,973830.0,6161.0,529.1622562114062,3.347780064814674,70.57,16.080383561643835,26.257698630136986,28.562383561643838,10.136986301369863
288,Lebanon,LBN,2020,5631.325,181503.0,1468.0,32.23095807824979,0.2606846523686699,0.0,73.7008,60.56298181818182,63.528254545454544,39.81818181818182
289,Lebanon,LBN,2021,5553.937,727930.0,9119.0,131.0655846474312,1.641898350665483,33.36,64.71441095890411,61.85260273972603,64.4646301369863,43.56164383561644
290,Lebanon,LBN,2022,5425.542,1222515.0,10746.0,225.3258752766083,1.9806316124730026,43.98,30.18454794520548,42.21523287671233,41.904520547945204,44.38356164383562
291,Lesotho,LSO,2020,2268.596,3094.0,51.0,1.363839132220986,0.02248086481682944,0.0,60.66381818181818,46.531600000000005,48.7508,31.0
292,Lesotho,LSO,2021,2294.313,28408.0,665.0,12.381919990864366,0.2898471132753029,31.55,57.27227397260274,50.90950684931507,57.889890410958905,2.0547945205479454
293,Lesotho,LSO,2022,2317.338,34490.0,706.0,14.883456793959274,0.3046599158172006,40.16,25.41476712328767,30.680904109589044,35.064027397260276,0.0
294,Liberia,LBR,2020,5140.978,1800.0,83.0,0.35012793285635535,0.01614478801504305,0.0,66.50952727272727,48.89869090909091,55.88483636363636,0.0
295,Liberia,LBR,2021,5245.853,6278.0,287.0,1.1967548461613393,0.05470988226318961,14.24,43.64704109589041,46.14490410958904,51.78095890410959,6.678082191780822
296,Liberia,LBR,2022,5359.509,8043.0,294.0,1.5006971720730389,0.05485577130293092,70.36,38.30287671232877,43.836301369863016,50.09986301369863,0.0
297,Libya,LBY,2020,6695.856,100277.0,1478.0,14.975979172789858,0.2207335402672937,0.0,88.90207272727272,60.78138181818182,69.46545454545455,0.0
298,Libya,LBY,2021,6774.698,388734.0,5710.0,57.38026993970801,0.842841998270624,12.12,63.24679452054794,48.35049315068493,55.25632876712329,0.0
299,Libya,LBY,2022,6849.984,507142.0,6437.0,74.03550139679157,0.9397102241406695,18.05,36.52597260273973,37.402986301369864,42.74616438356164,0.0
300,Liechtenstein,LIE,2020,38.883,2221.0,44.0,57.12007818326775,1.1315999279890954,0.0,51.363890909090905,42.872254545454545,48.99730909090909,0.0
301,Liechtenstein,LIE,2021,39.196,6131.0,69.0,156.41902234921932,1.7603837126237372,65.05,40.94723287671233,44.84019178082192,51.24460273972603,0.0
302,Liechtenstein,LIE,2022,39.458,21276.0,88.0,539.2062446145269,2.2302194738709513,67.23,14.604986301369863,30.20194520547945,30.490986301369865,28.184931506849313
303,Lithuania,LTU,2020,2804.633,145052.0,1800.0,51.71870972066577,0.6417952010120398,0.0,56.76505454545455,55.6196,53.74723636363636,68.72727272727273
304,Lithuania,LTU,2021,2768.668,524427.0,7397.0,189.41490998559595,2.671681834008267,66.62,46.80186301369863,59.504082191780824,56.862684931506855,77.97945205479452
305,Lithuania,LTU,2022,2731.442,1288374.0,9481.0,471.6827228987473,3.471060341021336,68.36,14.178054794520547,36.49271232876713,28.54024657534247,92.15753424657534
306,Luxembourg,LUX,2020,634.72,46415.0,495.0,73.12673304764306,0.7798714393748424,0.0,51.23912727272727,58.723054545454545,53.478218181818185,95.45454545454545
307,Luxembourg,LUX,2021,643.922,103766.0,915.0,161.1468469783607,1.420979559636105,5.85,46.043342465753426,55.21898630136987,56.9413698630137,43.18493150684932
308,Luxembourg,LUX,2022,651.276,311746.0,1178.0,478.6695655912394,1.8087569632536744,5.85,24.25917808219178,35.902109589041096,40.45424657534247,4.041095890410959
309,Macao,MAC,2020,682.547,46.0,0.0,0.06739462630412264,0.0,0.0,28.014472727272725,44.78774545454546,40.471236363636365,75.0
310,Macao,MAC,2021,690.667,79.0,0.0,0.11438218417848253,0.0,66.4,27.41317808219178,47.52632876712329,45.50964383561644,61.64383561643836
311,Macao,MAC,2022,699.67,2501.0,45.0,3.574542284219704,0.06431603470207384,91.87,43.13065753424657,59.92232876712329,58.336739726027396,71.02739726027397
312,Madagascar,MDG,2020,28571.222,17714.0,261.0,0.6199944825601089,0.009135066046527515,0.0,59.90552727272728,51.630872727272724,53.397490909090905,39.27272727272727
313,Madagascar,MDG,2021,29260.083,50279.0,1027.0,1.7183478256025453,0.03509901185174355,1.83,47.57082191780822,43.719808219178084,48.10638356164383,13.013698630136986
314,Madagascar,MDG,2022,29963.345,67735.0,1416.0,2.2605954041513057,0.047257741083313626,6.84,19.326712328767123,25.61331506849315,29.271643835616437,0.0
315,Malawi,MWI,2020,19633.241,6583.0,189.0,0.33529869062372325,0.009626530841240119,0.0,56.918727272727274,49.59534545454545,50.065599999999996,46.31818181818182
316,Malawi,MWI,2021,20146.243,75075.0,2364.0,3.726501263784022,0.11734197785661575,3.46,42.25375342465754,45.82860273972602,48.5535890410959,26.746575342465754
317,Malawi,MWI,2022,20664.39,88220.0,2896.0,4.269179975794108,0.14014447075379433,18.06,39.659123287671235,39.8128493150685,45.502493150684934,0.0
318,Malaysia,MYS,2020,33396.348,113010.0,471.0,3.3839029345364353,0.014103338484794805,0.0,66.18392727272727,68.89549090909091,68.08854545454545,74.54545454545455
319,Malaysia,MYS,2021,33751.399,2758086.0,31487.0,81.71767931752993,0.932909477322703,75.62,70.62087671232877,72.73430136986302,72.44065753424658,74.79452054794521
320,Malaysia,MYS,2022,34125.044,5026677.0,36853.0,147.3017001824232,1.0799399994912826,81.13,21.077534246575343,40.5174794520548,35.661726027397265,74.48630136986301
321,Mali,MLI,2020,21561.299,7090.0,269.0,0.3288299095522955,0.012476057217146333,0.0,49.20818181818182,44.95498181818182,45.87236363636364,38.54545454545455
322,Mali,MLI,2021,22248.667,21008.0,660.0,0.9442363445863969,0.02966469856373867,1.74,44.79865753424657,44.94309589041096,51.1858904109589,1.2328767123287672
323,Mali,MLI,2022,22938.514,32770.0,743.0,1.4286016958204006,0.03239093866324558,11.83,28.864931506849317,36.90106849315068,38.2361095890411,27.568493150684933
324,Malta,MLT,2020,521.121,12774.0,219.0,24.512541233226067,0.4202478886861209,0.0,54.67996363636364,59.615927272727276,59.204618181818184,62.5
325,Malta,MLT,2021,532.375,52473.0,476.0,98.56398215543555,0.8941065977929091,81.73,51.80452054794521,63.21986301369863,63.3212602739726,62.5
326,Malta,MLT,2022,534.197,116384.0,815.0,217.86719131706093,1.5256543934166609,88.38,22.130027397260275,34.70835616438356,37.448767123287666,15.513698630136986
327,Mauritania,MRT,2020,4556.274,14364.0,347.0,3.152575986431018,0.07615872091976908,0.0,47.35094545454545,41.85916363636364,44.05901818181818,26.454545454545453
328,Mauritania,MRT,2021,4673.674,41473.0,866.0,8.873746863816347,0.18529319760000376,16.2,37.49983561643836,41.10794520547945,46.24632876712329,5.136986301369863
329,Mauritania,MRT,2022,4798.604,63425.0,997.0,13.217385723014443,0.20776875941419629,32.46,32.46643835616438,34.70613698630137,39.66471232876712,0.0
330,Mauritius,MUS,2020,1298.695,527.0,10.0,0.4057919680910453,0.007700037345181125,0.0,36.46814545454546,45.27250909090909,43.22,59.63636363636363
331,Mauritius,MUS,2021,1299.134,68480.0,786.0,52.71203740337794,0.6050184199628368,70.02,52.539589041095894,64.08339726027397,61.14432876712329,84.65753424657534
332,Mauritius,MUS,2022,1299.804,289980.0,1041.0,223.09517434936342,0.8008899803354966,83.74,20.569013698630137,33.490794520547944,34.89008219178082,23.698630136986303
333,Mexico,MEX,2020,126386.142,1426094.0,125807.0,11.28362633301996,0.995417677991943,0.0,74.11821818181818,56.99447272727273,61.863963636363636,22.90909090909091
334,Mexico,MEX,2021,127024.134,3979723.0,299428.0,31.330447802934835,2.3572528351187185,57.08,49.1213698630137,50.25224657534247,53.096000000000004,30.34246575342466
335,Mexico,MEX,2022,127984.117,7234467.0,331105.0,56.52628755488465,2.5870788326023297,64.82,25.42287671232877,33.96964383561644,37.640904109589044,8.287671232876713
336,Moldova,MDA,2020,3074.67,144818.0,2985.0,47.10033922339633,0.9708358945838089,0.0,63.8,59.462363636363634,62.63872727272728,37.22727272727273
337,Moldova,MDA,2021,3048.343,376155.0,10275.0,123.39654691089554,3.3706836796252917,30.01,53.74821917808219,54.817452054794515,57.29235616438356,37.5
338,Moldova,MDA,2022,3497.649,596550.0,11933.0,170.55742300042115,3.411720272674588,32.81,17.024438356164385,30.354109589041094,31.126876712328766,24.965753424657535
339,Monaco,MCO,2020,36.811,875.0,4.0,23.77006872945587,0.1086631713346554,0.0,59.23352727272727,56.89309090909091,58.27592727272727,47.22727272727273
340,Monaco,MCO,2021,36.561,4985.0,38.0,136.34747408440688,1.039358879680534,70.34,38.87868493150685,52.41723287671233,54.07750684931507,40.78767123287671
341,Monaco,MCO,2022,36.377,15948.0,65.0,438.4088847348599,1.78684333507436,70.34,20.779013698630138,37.94158904109589,38.08649315068493,36.917808219178085
342,Mongolia,MNG,2020,3322.207,1195.0,1.0,0.3597006447822186,0.0003010047236671285,0.0,63.29836363636363,57.369927272727274,56.48992727272727,63.54545454545455
343,Mongolia,MNG,2021,3373.358,692621.0,1986.0,205.32092947146432,0.5887308729165419,63.66,58.9547397260274,59.90975342465754,60.327616438356166,56.986301369863014
344,Mongolia,MNG,2022,3423.374,1007266.0,2136.0,294.23194778017245,0.6239458499129806,64.02,11.129890410958904,23.476630136986298,24.579369863013696,15.753424657534246
345,Morocco,MAR,2020,36888.7,439193.0,7388.0,11.905895301271121,0.20027813395430039,0.0,75.9569090909091,69.73552727272727,70.22992727272727,66.27272727272727
346,Morocco,MAR,2021,37264.469,963092.0,14849.0,25.844779916225296,0.39847609260177574,61.39,67.87468493150685,60.45709589041096,66.49561643835615,18.184931506849313
347,Morocco,MAR,2022,37651.472,1271595.0,16294.0,33.77278317299255,0.43275864486785537,62.78,32.33715068493151,37.3406301369863,41.89008219178082,5.47945205479452
348,Mozambique,MOZ,2020,31635.726,18642.0,166.0,0.5892704975381314,0.005247232195651208,0.0,66.03781818181817,51.960181818181816,59.381527272727276,0.0
349,Mozambique,MOZ,2021,32518.418,189080.0,2006.0,5.814551003065401,0.0616881177922001,18.46,51.34980821917808,46.2491506849315,52.856904109589046,0.0
350,Mozambique,MOZ,2022,33420.619,230970.0,2230.0,6.9110030547309735,0.06672527519612967,55.96,28.33309589041096,28.07501369863014,32.0885205479452,0.0
351,Myanmar,MMR,2020,53618.425,124630.0,2682.0,2.324387558940793,0.05002011901692375,0.0,79.43541818181819,65.17538181818182,71.13301818181817,23.454545454545453
352,Myanmar,MMR,2021,53977.744,530834.0,19268.0,9.834312452925042,0.3569619360157031,24.05,72.99065753424658,71.3908493150685,71.13372602739726,73.18493150684931
353,Myanmar,MMR,2022,54380.868,633683.0,19490.0,11.652682704512918,0.3583981042744665,50.84,55.77849315068494,57.80712328767123,63.57087671232876,17.465753424657535
354,Namibia,NAM,2020,2511.119,23941.0,205.0,9.533996596736355,0.08163691167164917,0.0,54.66625454545455,48.16149090909091,52.27247272727273,19.363636363636363
355,Namibia,NAM,2021,2549.182,147974.0,3633.0,58.04764038032593,1.4251630523046217,11.05,45.39630136986302,48.31372602739726,55.17956164383562,0.23972602739726026
356,Namibia,NAM,2022,2584.843,170295.0,4082.0,65.88214448614481,1.5792061645523539,20.49,16.68268493150685,28.107123287671232,32.12454794520548,0.0
357,Nepal,NPL,2020,29698.028,260593.0,1856.0,8.774757704450948,0.062495732039851266,0.0,80.044,64.28723636363637,65.04254545454546,59.0
358,Nepal,NPL,2021,30371.951,828431.0,11594.0,27.27618650510795,0.38173379115487177,31.88,51.94139726027397,55.65873972602739,57.4994794520548,42.773972602739725
359,Nepal,NPL,2022,30723.209,1001000.0,12019.0,32.58123199305125,0.3912026246997832,78.75,35.65413698630137,47.79849315068493,45.3307397260274,65.06849315068493
360,Netherlands,NLD,2020,17466.838,805164.0,11432.0,46.09672340236968,0.6544973967240092,0.0,61.361018181818174,57.61734545454546,56.32229090909091,66.68181818181819
361,Netherlands,NLD,2021,17536.553,3148315.0,20924.0,179.5287249438359,1.1931649281361052,67.08,57.80901369863014,61.786054794520545,61.5131506849315,63.6986301369863
362,Netherlands,NLD,2022,17591.475,8569095.0,22990.0,487.1163447067401,1.3068830214635214,68.08,20.732438356164383,40.70482191780822,39.37468493150685,50.0
363,New Zealand,NZL,2020,5095.771,2162.0,26.0,0.42427338277171406,0.005102270098087218,0.0,40.995127272727274,47.82261818181818,43.8476,75.63636363636364
364,New Zealand,NZL,2021,5163.684,14118.0,48.0,2.7340944953254303,0.009295688891884165,74.37,44.594356164383555,53.06213698630137,51.37504109589041,64.86301369863014
365,New Zealand,NZL,2022,5206.893,2094354.0,2331.0,402.2272015192169,0.447675802057004,79.81,23.339123287671235,39.45002739726027,41.51353424657535,25.0
366,Nicaragua,NIC,2020,6802.086,4829.0,165.0,0.709929277577496,0.024257264609709433,0.0,15.109854545454546,13.423963636363636,15.343054545454546,0.0
367,Nicaragua,NIC,2021,6898.994,13563.0,217.0,1.9659388020920152,0.03145386124411762,41.82,9.150684931506849,16.94698630136986,18.818986301369865,3.835616438356164
368,Nicaragua,NIC,2022,6997.79,15365.0,245.0,2.195693211713984,0.03501105348974462,85.36,12.381945205479452,20.698547945205476,22.772849315068495,6.164383561643835
369,Niger,NER,2020,24785.587,3323.0,104.0,0.13406985277371078,0.004195986966134794,0.0,29.039745454545457,26.962872727272728,27.894690909090908,20.454545454545453
370,Niger,NER,2021,25719.857,7405.0,275.0,0.28790984335566094,0.010692127876138657,1.77,24.766082191780825,32.042712328767124,32.23734246575342,30.684931506849313
371,Niger,NER,2022,26696.096,9473.0,314.0,0.35484589207350764,0.011762019435351146,20.25,14.940219178082193,24.341342465753424,27.82032876712329,0.0
372,Nigeria,NGA,2020,210874.214,87607.0,1289.0,0.415446717444552,0.0061126487470867345,0.0,68.68941818181818,59.66141818181818,65.73545454545454,17.136363636363637
373,Nigeria,NGA,2021,215928.431,241513.0,3030.0,1.1184863377254846,0.014032427253639424,2.05,46.091945205479455,42.15854794520548,48.18027397260274,0.0
374,Nigeria,NGA,2022,221153.992,266381.0,3155.0,1.204504596959751,0.014266077548353729,27.39,21.107808219178082,30.484712328767124,34.83994520547945,0.0
375,Norway,NOR,2020,5391.723,49567.0,436.0,9.193165153328538,0.0808646883380322,0.0,49.01850909090909,42.969454545454546,43.75145454545454,37.5
376,Norway,NOR,2021,5414.319,394259.0,1305.0,72.81783729403458,0.24102754196788181,72.31,50.34126027397261,54.66668493150685,57.119506849315066,37.5
377,Norway,NOR,2022,5454.319,1475077.0,4670.0,270.4420111841643,0.8562022133285566,74.61,14.806246575342465,29.130958904109587,28.688219178082193,32.26027397260274
378,Oman,OMN,2020,4497.661,128867.0,1499.0,28.65200378596786,0.33328434490727515,0.0,76.62429090909092,67.97181818181818,69.23567272727273,59.13636363636363
379,Oman,OMN,2021,4543.281,305489.0,4116.0,67.23973269538028,0.9059532087053387,63.42,56.8271506849315,58.245315068493156,60.32183561643836,43.6986301369863
380,Oman,OMN,2022,4609.315,399154.0,4628.0,86.59724926588876,1.0040537476826819,66.62,18.527561643835618,28.95358904109589,33.08997260273973,0.0
381,Pakistan,PAK,2020,229280.621,482178.0,10176.0,2.1030037248547053,0.04438229430650399,0.0,65.1288,59.99621818181818,58.80210909090909,68.36363636363636
382,Pakistan,PAK,2021,233523.612,1295933.0,28933.0,5.549473087115491,0.12389753546634934,29.93,57.80989041095891,63.190575342465756,62.442684931506854,68.42465753424658
383,Pakistan,PAK,2022,238126.113,1575772.0,30636.0,6.617384293338715,0.12865451677699874,55.71,44.44375342465753,55.98789041095891,54.114904109589034,69.10958904109589
384,Palestine,PSE,2020,5076.818,138004.0,1400.0,27.183168669824287,0.27576328322189214,0.0,79.95305454545455,57.631054545454546,61.03316363636363,33.81818181818182
385,Palestine,PSE,2021,5189.966,469748.0,4919.0,90.51080488773914,0.9477904094169403,28.87,70.81876712328767,54.20167123287671,61.945068493150686,0.0
386,Palestine,PSE,2022,5310.178,703228.0,5708.0,132.43021232056628,1.0749168860252896,33.85,17.776657534246574,31.709150684931508,36.238027397260275,0.0
387,Panama,PAN,2020,4323.252,246790.0,4022.0,57.08434298995293,0.9303181956545673,0.0,78.77007272727273,69.98923636363637,71.07101818181818,62.40909090909091
388,Panama,PAN,2021,4379.282,495920.0,7428.0,113.24230775729902,1.6961684586651418,63.61,66.15997260273973,69.03,70.56443835616439,58.28767123287671
389,Panama,PAN,2022,4437.879,1023778.0,8567.0,230.6908322646922,1.9304266745443037,71.75,20.005534246575344,33.25846575342466,36.56942465753425,10.068493150684931
390,Papua New Guinea,PNG,2020,9850.462,780.0,9.0,0.07918410324307631,0.0009136627297278037,0.0,54.03218181818182,49.42676363636364,49.34770909090909,50.0
391,Papua New Guinea,PNG,2021,10048.412,36158.0,590.0,3.59837952504336,0.05871574533369053,2.17,57.256246575342466,53.02301369863014,56.65498630136986,27.602739726027398
392,Papua New Guinea,PNG,2022,10236.825,46663.0,669.0,4.558346948394644,0.06535229429046603,3.0,33.88632876712329,40.06202739726027,42.96578082191781,19.726027397260275
393,Paraguay,PRY,2020,6664.351,107932.0,2262.0,16.19542548104084,0.33941789680645573,0.0,76.6545090909091,65.48334545454546,64.66898181818182,71.18181818181819
394,Paraguay,PRY,2021,6743.247,466101.0,16624.0,69.12115187238433,2.465281191687031,43.48,49.014986301369866,50.74978082191782,55.55449315068493,17.123287671232877
395,Paraguay,PRY,2022,6818.241,792215.0,19688.0,116.19052479957807,2.8875482694143546,52.06,19.70498630136986,26.871698630136986,30.708602739726025,0.0
396,Peru,PER,2020,33519.231,1015137.0,93070.0,30.285211495454654,2.7766150124386804,0.0,83.0736,74.67334545454545,75.2117090909091,70.9090909090909
397,Peru,PER,2021,33911.712,2296831.0,202690.0,67.72972712200433,5.97699107612143,64.86,63.2287397260274,64.3351506849315,66.17764383561644,51.43835616438356
398,Peru,PER,2022,34187.465,4458643.0,218232.0,130.41747903800416,6.383392275502147,83.52,30.204602739726027,40.31460273972603,42.88205479452055,22.328767123287673
399,Philippines,PHL,2020,113094.332,474064.0,9244.0,4.191757372951281,0.08173707591287599,0.0,77.43410909090909,65.8352,68.53290909090909,46.95454545454545
400,Philippines,PHL,2021,114666.324,2843979.0,51504.0,24.80221656011228,0.44916413296723456,42.94,72.81282191780822,66.07369863013699,74.80887671232877,4.931506849315069
401,Philippines,PHL,2022,116451.694,4064443.0,65385.0,34.902394807584336,0.5614774483229071,63.97,36.78364383561644,47.0187397260274,53.63827397260274,0.684931506849315
402,Poland,POL,2020,38378.767,1294878.0,28554.0,33.739437225797275,0.7440051422183521,0.0,58.738254545454545,53.373636363636365,53.59687272727273,51.81818181818182
403,Poland,POL,2021,38236.684,4108215.0,97054.0,107.44171748784491,2.538243117525568,52.8,53.05386301369863,59.18424657534246,55.40950684931507,85.61643835616438
404,Poland,POL,2022,41477.607,6368479.0,118533.0,153.54017409924347,2.8577588866204358,56.76,18.031561643835616,25.462575342465755,26.79117808219178,16.164383561643834
405,Portugal,PRT,2020,10297.984,413678.0,6906.0,40.17077517308242,0.6706166954619467,0.0,65.7845818181818,62.89214545454546,61.16294545454546,75.0
406,Portugal,PRT,2021,10282.222,1389646.0,18955.0,135.1503595234571,1.843473132558313,83.05,60.15901369863014,68.0786301369863,67.09186301369863,75.0
407,Portugal,PRT,2022,10259.508,5554058.0,25714.0,541.3571489003176,2.506358004691843,86.57,16.66419178082192,28.62257534246575,32.71408219178082,0.0
408,Puerto Rico,PRI,2020,3262.911,76291.0,1503.0,23.38126905698623,0.4606316261767483,,,,,
409,Puerto Rico,PRI,2021,3249.144,272724.0,3305.0,83.93718468618196,1.0171909893805877,,,,,
410,Puerto Rico,PRI,2022,3255.67,1054239.0,5541.0,323.81629587765343,1.7019538221011343,,,,,
411,Qatar,QAT,2020,2692.14,143834.0,245.0,53.42738490568841,0.09100566835305743,0.0,74.18665454545456,63.53250909090909,67.25050909090909,37.5
412,Qatar,QAT,2021,2684.33,250528.0,618.0,93.32980669291778,0.23022504684595413,82.31,63.33397260273972,67.2806301369863,69.49347945205479,51.78082191780822
413,Qatar,QAT,2022,2705.914,489428.0,685.0,180.8734497844351,0.2531492131678981,105.75,33.127890410958905,43.1386301369863,47.184301369863014,14.794520547945206
414,Romania,ROU,2020,19394.347,632263.0,15767.0,32.60037576928988,0.812968851181223,0.0,59.6596,58.216654545454546,54.074254545454544,87.22727272727273
415,Romania,ROU,2021,19262.773,1808891.0,58752.0,93.9060539206894,3.050028155343989,39.76,59.33416438356165,67.29646575342466,66.49397260273972,72.91095890410959
416,Romania,ROU,2022,20055.76,3308480.0,67374.0,164.964080144557,3.35933417631643,41.28,18.362958904109586,35.06586301369863,32.489041095890414,53.082191780821915
417,Russia,RUS,2020,145472.994,3127347.0,56271.0,21.49778398044107,0.3868140639217201,0.0,57.785745454545456,57.06174545454545,58.06592727272727,50.04545454545455
418,Russia,RUS,2021,144732.516,10320405.0,302671.0,71.30674768343003,2.0912439606867608,46.14,46.46487671232877,54.09452054794521,54.57106849315068,50.75342465753425
419,Russia,RUS,2022,144694.112,21490515.0,385789.0,148.52376992368565,2.6662384161146795,54.54,29.494712328767122,36.792191780821916,38.88553424657535,22.15753424657534
420,Rwanda,RWA,2020,13305.392,8383.0,92.0,0.6300453229788344,0.006914490005255012,0.0,73.71694545454545,69.5030909090909,70.69236363636364,61.18181818181818
421,Rwanda,RWA,2021,13618.383,111786.0,1350.0,8.208463515822693,0.09913071177393087,39.45,60.956575342465754,60.69186301369863,63.418273972602734,41.60958904109589
422,Rwanda,RWA,2022,13935.012,132920.0,1467.0,9.538563727106943,0.10527439804142256,67.32,39.189424657534246,41.70298630136986,47.66156164383562,0.0
423,San Marino,SMR,2020,33.822,2333.0,59.0,68.97877121400272,1.744426704511856,0.0,47.353381818181816,49.26294545454545,47.02574545454545,64.9090909090909
424,San Marino,SMR,2021,33.669,8202.0,100.0,243.60687873117706,2.9700911817992814,64.19,52.433424657534246,60.18230136986302,58.06323287671233,75.0
425,San Marino,SMR,2022,33.652,23008.0,121.0,683.7037917508618,3.5956258171876856,70.15,19.566109589041098,42.117835616438356,37.4205205479452,75.0
426,Saudi Arabia,SAU,2020,35764.241,362741.0,6223.0,10.142561112928414,0.17400061698499347,0.0,68.85752727272727,65.2856,65.85443636363637,61.31818181818182
427,Saudi Arabia,SAU,2021,36136.551,556236.0,8877.0,15.392614530368435,0.24565155650853343,63.67,53.47643835616439,59.682136986301366,62.46027397260274,40.23972602739726
428,Saudi Arabia,SAU,2022,36681.089,827004.0,9518.0,22.545786467789984,0.2594797553584082,69.63,25.991397260273974,38.16413698630137,42.599561643835614,7.123287671232877
429,Senegal,SEN,2020,16656.773,19140.0,410.0,1.1490821181269624,0.024614611725812675,0.0,50.80854545454545,51.34,49.604,63.5
430,Senegal,SEN,2021,17096.667,75055.0,1890.0,4.390036958665686,0.1105478629255632,5.3,30.06928767123288,37.29079452054795,42.61980821917808,0.0
431,Senegal,SEN,2022,17536.231,88900.0,1988.0,5.0695043878014605,0.11336529497130826,7.83,21.455342465753425,32.64958904109589,37.31879452054794,0.0
432,Serbia,SRB,2020,7331.946,337923.0,3211.0,46.08912831600233,0.43794648787647916,0.0,58.724945454545455,53.69527272727273,53.99625454545454,51.59090909090909
433,Serbia,SRB,2021,7261.591,1299339.0,12714.0,178.93310157512312,1.7508559763280525,46.68,44.48446575342466,57.362986301369865,55.71487671232877,68.9041095890411
434,Serbia,SRB,2022,7181.14,2446253.0,17519.0,340.64967400719104,2.439584801298958,47.71,18.066219178082193,33.931534246575346,32.624136986301366,43.082191780821915
435,Seychelles,SYC,2020,106.054,226.0,0.0,2.1309898730835233,0.0,0.0,37.333636363636366,39.03785454545454,39.25436363636364,37.5
436,Seychelles,SYC,2021,106.887,24788.0,134.0,231.90846407888705,1.2536604077203028,73.05,70.9228219178082,65.88895890410959,72.94246575342466,16.506849315068493
437,Seychelles,SYC,2022,107.35,50355.0,172.0,469.0731252911039,1.6022356776898,76.22,35.38331506849315,41.32860273972603,46.411095890410955,5.7534246575342465
438,Sierra Leone,SLE,2020,8327.732,2611.0,76.0,0.31353074282409665,0.009126134222378915,0.0,46.01021818181818,45.887854545454545,50.637854545454545,12.636363636363637
439,Sierra Leone,SLE,2021,8513.55,7064.0,123.0,0.8297361265277118,0.014447557129517065,4.2,50.260657534246576,47.59997260273973,54.39879452054795,0.0
440,Sierra Leone,SLE,2022,8697.886,7760.0,126.0,0.8921708102405572,0.014486278619885338,40.03,42.10942465753425,42.154657534246574,48.17780821917809,0.0
441,Singapore,SGP,2020,5926.22,58599.0,29.0,9.888090553506283,0.004893507159707199,0.0,60.35461818181818,66.66705454545455,63.115781818181816,91.54545454545455
442,Singapore,SGP,2021,5955.901,279405.0,828.0,46.91229756841157,0.13902178696388676,83.1,49.17161643835616,69.32071232876713,64.93791780821918,100.0
443,Singapore,SGP,2022,5995.476,2202214.0,1711.0,367.31262038243506,0.2853818445774781,90.74,30.077178082191782,58.289232876712326,52.3281095890411,100.0
444,Slovak Republic,SVK,2020,5455.809,274603.0,2138.0,50.332223873672994,0.3918758886170685,0.0,54.39890909090909,62.92305454545455,59.41218181818182,87.5
445,Slovak Republic,SVK,2021,5439.435,1371082.0,16635.0,252.06331172263293,3.058222039605216,43.44,52.952767123287664,66.21860273972602,62.2347397260274,94.10958904109589
446,Slovak Republic,SVK,2022,5847.471,2657292.0,20823.0,454.4344042065365,3.5610266386956004,45.68,18.46304109589041,37.27920547945205,34.24668493150685,58.49315068493151
447,Slovenia,SVN,2020,2119.03,122152.0,2697.0,57.64524334247273,1.27275215546736,0.0,61.37796363636363,60.0084,58.827709090909096,68.27272727272727
448,Slovenia,SVN,2021,2119.789,464048.0,5589.0,218.91235401259274,2.636583169362611,56.09,54.59109589041096,61.13304109589041,60.18054794520548,67.8082191780822
449,Slovenia,SVN,2022,2119.899,1307442.0,7008.0,616.7473073009611,3.3058178715118034,57.66,17.108438356164385,27.232191780821918,30.35213698630137,5.376712328767123
450,Solomon Islands,SLB,2020,699.484,17.0,0.0,0.024303629532626908,0.0,0.0,38.304581818181816,26.563745454545455,26.396654545454545,27.727272727272727
451,Solomon Islands,SLB,2021,716.218,24.0,0.0,0.03350935050501384,0.0,7.72,29.71021917808219,24.723150684931504,28.2533698630137,0.0
452,Solomon Islands,SLB,2022,732.327,24575.0,153.0,33.557413559789545,0.20892306305789626,35.12,48.84142465753424,45.85849315068493,51.0341095890411,9.657534246575343
453,Somalia,SOM,2020,16801.17,4714.0,130.0,0.2805756980019844,0.00773755637256215,0.0,43.552290909090914,33.937563636363635,38.35527272727273,3.0
454,Somalia,SOM,2021,17329.992,23532.0,1333.0,1.35787714154744,0.07691867370740853,4.6,35.554630136986304,40.04468493150685,42.891123287671235,20.136986301369863
455,Somalia,SOM,2022,17865.03,27300.0,1361.0,1.5281250577245042,0.07618235177886631,35.94,19.428109589041096,28.36082191780822,32.414328767123294,0.0
456,South Africa,ZAF,2020,59137.71,1057161.0,28469.0,17.876258651205806,0.4814017992918562,0.0,67.70018181818182,68.77996363636363,69.65654545454545,62.63636363636363
457,South Africa,ZAF,2021,59646.8,3458286.0,91145.0,57.97940543331746,1.5280786228263712,26.44,52.714438356164386,61.93958904109589,62.44054794520548,58.42465753424658
458,South Africa,ZAF,2022,60140.971,4049202.0,102568.0,67.32851054233893,1.7054596607693615,35.13,24.334136986301367,36.395671232876715,36.00794520547945,39.10958904109589
459,South Korea,KOR,2020,51831.253,61769.0,917.0,1.1917327177099115,0.01769202839838736,0.0,54.866581818181814,55.690036363636366,56.502218181818186,50.0
460,South Korea,KOR,2021,51829.025,635253.0,5625.0,12.256703652055966,0.1085299212169243,81.8,51.27654794520548,56.75975342465754,61.29684931506849,25.0
461,South Korea,KOR,2022,51802.594,29116800.0,32219.0,562.0722390851702,0.6219572710972736,85.72,21.594876712328766,42.87624657534246,43.86238356164384,35.95890410958904
462,South Sudan,SSD,2020,10667.013,3558.0,63.0,0.33355166999421487,0.0059060582376715956,0.0,67.05901818181817,51.00774545454545,56.178436363636365,14.818181818181818
463,South Sudan,SSD,2021,10829.532,15242.0,135.0,1.4074477087283181,0.012465912654397254,1.66,45.15323287671233,41.58323287671233,46.36016438356164,8.150684931506849
464,South Sudan,SSD,2022,10996.795,18368.0,138.0,1.6703048479125053,0.012549110900039512,20.25,20.917534246575343,28.34068493150685,32.23301369863014,1.095890410958904
465,Spain,ESP,2020,47397.66,1928265.0,50837.0,40.6827045892139,1.0725634978604428,0.0,67.84949090909092,62.69436363636364,59.195454545454545,87.18181818181819
466,Spain,ESP,2021,47576.21,6294745.0,89405.0,132.30866855514552,1.879195505484779,79.63,55.43775342465753,61.971397260273974,58.32334246575343,87.5
467,Spain,ESP,2022,47541.049,13684258.0,117095.0,287.8408930354061,2.4630293706813244,85.62,24.535452054794522,37.49465753424657,38.43454794520547,30.924657534246574
468,Sri Lanka,LKA,2020,21746.997,43299.0,204.0,1.9910335206281584,0.009380605515327012,0.0,55.95309090909091,55.74636363636364,57.39807272727273,44.18181818181818
469,Sri Lanka,LKA,2021,21799.884,587245.0,14979.0,26.937987376446593,0.6871137479447139,63.41,72.74479452054794,73.39558904109589,76.73734246575343,50.0
470,Sri Lanka,LKA,2022,21864.402,671891.0,16817.0,30.729905167312605,0.7691497805428203,67.57,33.44041095890411,40.58698630136986,44.5467397260274,12.876712328767123
471,Sudan,SDN,2020,45052.904,25500.0,1468.0,0.566001250441037,0.03258391512342911,0.0,61.58414545454545,45.07098181818182,48.62025454545454,20.227272727272727
472,Sudan,SDN,2021,46261.499,46518.0,3331.0,1.0055445890328802,0.0720037195508948,2.63,26.656986301369862,34.17876712328767,37.44830136986301,11.301369863013699
473,Sudan,SDN,2022,47486.909,63686.0,4994.0,1.3411275094784543,0.10516582580685553,17.71,10.615260273972604,14.976109589041096,17.112575342465753,0.0
474,Suriname,SUR,2020,610.325,6210.0,122.0,10.174906811944455,0.19989349936509235,0.0,74.80265454545454,63.970872727272734,64.58814545454545,59.63636363636363
475,Suriname,SUR,2021,615.644,52446.0,1189.0,85.1888429027165,1.9313109524335492,36.93,72.94580821917809,67.21183561643835,72.1853698630137,32.397260273972606
476,Suriname,SUR,2022,620.437,81581.0,1393.0,131.4895791192337,2.2451916955307305,38.49,30.857424657534246,33.6392602739726,38.44750684931507,0.0
477,Sweden,SWE,2020,10416.525,437379.0,8727.0,41.98895504978868,0.8378033941261601,0.0,60.6596,53.413199999999996,53.830290909090905,50.5
478,Sweden,SWE,2021,10517.669,1314784.0,15310.0,125.00716651189536,1.4556457329090695,69.19,46.20890410958904,47.21010958904109,48.079068493150686,41.13013698630137
479,Sweden,SWE,2022,10581.025,2674862.0,21827.0,252.79800397409514,2.062843628098412,72.36,14.79372602739726,19.885835616438357,22.286465753424658,3.0821917808219177
480,Switzerland,CHE,2020,8670.795,452296.0,7873.0,52.16315228303748,0.907990559112515,0.0,50.45963636363636,51.40058181818182,52.90661818181818,40.86363636363637
481,Switzerland,CHE,2021,8712.018,1332615.0,12217.0,152.96283823105048,1.4023157436084268,66.71,48.594684931506855,55.28493150684932,57.82463013698631,37.5
482,Switzerland,CHE,2022,8768.926,4399516.0,14173.0,501.7166298358545,1.6162754709071556,68.78,13.632876712328768,25.818109589041097,26.25630136986301,22.773972602739725
483,Syria,SYR,2020,21059.148,11434.0,711.0,0.5429469416331563,0.033762049632777166,0.0,60.558727272727275,41.176981818181815,47.0628,0.0
484,Syria,SYR,2021,21589.586,50278.0,2897.0,2.3288079725104502,0.1341850649660443,3.53,38.7774794520548,32.38435616438356,37.01035616438356,0.0
485,Syria,SYR,2022,22660.911,57423.0,3163.0,2.534011099553765,0.13957956059224627,10.06,24.220054794520546,25.941616438356167,29.649424657534244,0.0
486,Taiwan,TWN,2020,23842.033,799.0,7.0,0.03351224285278021,0.0002935991238666602,0.0,24.307454545454547,36.786545454545454,36.81370909090909,36.59090909090909
487,Taiwan,TWN,2021,23877.791,17029.0,850.0,0.7131731741851665,0.03559793282385292,67.63,40.87468493150685,50.462931506849316,53.025479452054796,32.534246575342465
488,Taiwan,TWN,2022,23908.998,8847360.0,15253.0,370.0431109660054,0.6379606539763816,86.33,24.676575342465757,46.575808219178086,43.22945205479452,70.0
489,Tajikistan,TJK,2020,9643.597,13665.0,90.0,1.4170023902906768,0.009332617279631241,0.0,46.53727272727273,40.60629090909091,40.73338181818182,39.72727272727273
490,Tajikistan,TJK,2021,9856.531,17493.0,125.0,1.7747623377839525,0.01268194661996193,29.09,34.145041095890406,32.46202739726027,35.08460273972602,14.10958904109589
491,Tajikistan,TJK,2022,10049.043,17786.0,125.0,1.7699197824111212,0.012438995434689652,51.95,12.111150684931506,16.285671232876712,18.612027397260274,0.0
492,Tanzania,TZA,2020,62637.07,509.0,21.0,0.008126178315812027,0.0003352647242280011,0.0,28.258945454545454,20.14181818181818,23.02050909090909,0.0
493,Tanzania,TZA,2021,64539.598,29306.0,737.0,0.4540778205652908,0.011419345995926408,2.51,12.24427397260274,18.069753424657534,17.30098630136986,23.458904109589042
494,Tanzania,TZA,2022,66455.898,42351.0,845.0,0.6372797791401449,0.012715199484626632,44.69,9.367397260273972,18.498027397260273,18.195534246575342,20.616438356164384
495,Thailand,THA,2020,71561.955,6884.0,61.0,0.09619636579241023,0.000852408238427807,0.0,57.33290909090909,57.52309090909091,52.531090909090906,92.45454545454545
496,Thailand,THA,2021,71640.251,2223435.0,21698.0,31.036114041532322,0.30287442739417536,64.6,55.542054794520546,57.871753424657534,56.03994520547945,70.68493150684931
497,Thailand,THA,2022,71753.808,4721808.0,33594.0,65.80567821571225,0.46818421121287385,74.6,28.955808219178078,36.66098630136987,38.375726027397256,24.65753424657534
498,Timor-Leste,TLS,2020,1310.236,44.0,0.0,0.03358173642000372,0.0,0.0,38.727709090909094,42.223527272727274,40.46214545454546,54.54545454545455
499,Timor-Leste,TLS,2021,1331.648,19837.0,122.0,14.896579276205124,0.091615802374201,39.74,58.471589041095896,55.790191780821914,57.65438356164383,42.73972602739726
500,Timor-Leste,TLS,2022,1350.944,23386.0,138.0,17.310858185091316,0.10215079233484142,58.93,21.74186301369863,27.305589041095892,30.8067397260274,2.808219178082192
501,Togo,TGO,2020,8542.924,3633.0,68.0,0.42526423037358163,0.007959803926618098,0.0,58.983672727272726,49.35436363636364,49.30105454545454,49.72727272727273
502,Togo,TGO,2021,8746.734,30163.0,248.0,3.448487172469175,0.02835344026696136,11.54,47.96728767123288,55.98298630136986,53.70632876712329,71.91780821917808
503,Togo,TGO,2022,8950.663,39343.0,290.0,4.3955403080196405,0.03239983451505212,16.45,35.79227397260274,42.583123287671235,46.52594520547945,15.0
504,Tonga,TON,2020,105.635,0.0,0.0,0.0,0.0,0.0,50.00861818181818,33.975309090909086,38.10189090909091,5.090909090909091
505,Tonga,TON,2021,106.399,1.0,0.0,0.009398584573163282,0.0,52.99,46.01542465753425,36.556493150684936,41.781287671232874,0.0
506,Tonga,TON,2022,107.316,16211.0,12.0,151.05855604010586,0.11181930001118193,72.06,50.60887671232876,49.929369863013704,55.29194520547946,12.397260273972602
507,Trinidad and Tobago,TTO,2020,1522.394,7150.0,127.0,4.696550301695882,0.08342124312103175,0.0,72.77450909090908,61.86890909090909,66.80567272727274,27.318181818181817
508,Trinidad and Tobago,TTO,2021,1528.932,91899.0,2869.0,60.10666269003461,1.8764732506089217,43.68,72.47964383561644,64.45079452054794,70.31189041095891,23.424657534246574
509,Trinidad and Tobago,TTO,2022,1533.157,186033.0,4283.0,121.33982364493656,2.793582131510341,46.82,24.486876712328765,30.073178082191784,33.869945205479446,3.493150684931507
510,Tunisia,TUN,2020,12217.195,139140.0,4676.0,11.388866265947298,0.382739245792508,0.0,53.864945454545456,51.50421818181818,48.147563636363635,75.0
511,Tunisia,TUN,2021,12308.697,726706.0,25569.0,59.04004298749088,2.077311676451212,47.93,61.21356164383562,60.868465753424665,61.678520547945205,55.205479452054796
512,Tunisia,TUN,2022,12403.537,1147571.0,29284.0,92.51965790080683,2.360939464283454,51.74,42.37967123287671,47.4341095890411,50.26569863013699,27.602739726027398
513,Turkey,TUR,2020,84459.174,2208652.0,20881.0,26.150528064600774,0.24723187560418244,0.0,65.87243636363637,65.96752727272727,63.94465454545454,80.13636363636364
514,Turkey,TUR,2021,85091.633,9482550.0,82361.0,111.43927629171249,0.9679095005733407,60.47,55.527232876712326,55.9507397260274,59.43380821917808,31.575342465753426
515,Turkey,TUR,2022,85590.849,16919638.0,101203.0,197.6804553019447,1.1824044413906911,62.31,16.243287671232878,23.693917808219176,27.081917808219178,0.0
516,Turkmenistan,TKM,2020,6296.51,,,,,,,,,
517,Turkmenistan,TKM,2021,6387.2,,,,,,,,,
518,Turkmenistan,TKM,2022,6474.341,,,,,,,,,
519,Uganda,UGA,2020,45123.359,35216.0,251.0,0.7804383534479338,0.005562529154799846,0.0,77.27734545454545,64.39592727272728,68.72374545454545,34.09090909090909
520,Uganda,UGA,2021,46584.197,140737.0,3294.0,3.0211318228797635,0.07071067469511173,2.98,63.78145205479452,54.79298630136986,61.161890410958904,10.205479452054794
521,Uganda,UGA,2022,47914.973,169985.0,3630.0,3.5476384386150026,0.07575919953038479,27.43,34.91298630136986,38.66139726027397,43.49920547945205,4.794520547945205
522,Ukraine,UKR,2020,43728.64,1086997.0,19281.0,24.85778199367737,0.44092384304657084,0.0,64.59145454545455,60.36869090909091,63.63487272727273,37.5
523,Ukraine,UKR,2021,43334.204,3847226.0,102088.0,88.78035465933561,2.35582958902395,34.65,55.13791780821918,55.798986301369865,58.56060273972602,36.47260273972603
524,Ukraine,UKR,2022,36069.274,5662732.0,118689.0,156.99600718328847,3.290584667714687,38.17,20.5926301369863,37.812739726027395,36.07320547945206,50.0
525,United Arab Emirates,ARE,2020,9327.028,207822.0,669.0,22.281695734160976,0.0717270281594523,0.0,61.68196363636364,59.388690909090904,60.72821818181818,50.0
526,United Arab Emirates,ARE,2021,9403.261,761937.0,2164.0,81.0290174865932,0.23013292941672042,95.96,51.08317808219178,57.52205479452054,60.26997260273973,38.28767123287671
527,United Arab Emirates,ARE,2022,9478.996,1047008.0,2348.0,110.45557989474835,0.247705558689971,103.72,31.200301369863016,40.63032876712329,46.43797260273973,0.0
528,United Kingdom,GBR,2020,67167.774,2488780.0,94998.0,37.053185654179934,1.4143389655878724,0.0,69.52262545454545,68.41373090909092,63.901039999999995,100.0
529,United Kingdom,GBR,2021,67394.305,12937886.0,177397.0,191.9729864415102,2.632225378687413,73.49,55.4229095890411,63.07456438356164,60.5911397260274,80.46575342465754
530,United Kingdom,GBR,2022,67623.566,24135080.0,216250.0,356.9033907499051,3.197849696361768,78.41,15.753518750000001,25.11669375,27.2848875,9.9453125
531,United States,USA,2020,336495.769,20219871.0,350568.0,60.08952522669015,1.0418199344432175,0.01,62.89026713286713,60.36083776223776,60.618879020979016,58.55332167832168
532,United States,USA,2021,337499.479,54907639.0,825506.0,162.68955188520454,2.445947479521887,77.39,39.83640832455216,50.984073234984194,52.28289093782929,41.89146469968388
533,United States,USA,2022,339080.235,100764633.0,1092853.0,297.17047058198483,3.222992339851363,87.35,23.074692834562697,37.4880363540569,39.673371443624866,22.18980505795574
534,United States Virgin Islands,VIR,2020,100.342,2036.0,23.0,20.290606127045503,0.22921608100296983,,,,,
535,United States Virgin Islands,VIR,2021,99.84,9648.0,89.0,96.63461538461539,0.891426282051282,,,,,
536,United States Virgin Islands,VIR,2022,99.09,23781.0,127.0,239.99394489857704,1.2816631345241698,,,,,
537,Uruguay,URY,2020,3429.902,19119.0,181.0,5.57421174132672,0.05277118704849293,0.0,49.68010909090909,53.33592727272727,50.025999999999996,76.5
538,Uruguay,URY,2021,3422.617,413383.0,6170.0,120.77980095348092,1.802714121971579,78.27,56.928438356164385,59.29945205479452,60.7598904109589,49.07534246575342
539,Uruguay,URY,2022,3422.97,1011988.0,7562.0,295.64617861097236,2.2091926017464365,84.62,15.280602739726028,30.398164383561642,32.678082191780824,14.452054794520548
540,Uzbekistan,UZB,2020,33809.85,77060.0,614.0,2.2792174469866033,0.018160388170902857,0.0,60.79658181818182,56.177927272727274,57.058,50.0
541,Uzbekistan,UZB,2021,34353.048,198903.0,1485.0,5.789966584624455,0.043227605305939665,32.06,44.61241095890411,49.48164383561644,46.61860273972603,69.52054794520548
542,Uzbekistan,UZB,2022,34902.257,249217.0,1637.0,7.140426477290567,0.04690241092431358,51.14,20.55690410958904,26.18082191780822,27.190082191780824,19.10958904109589
543,Vanuatu,VUT,2020,315.398,1.0,0.0,0.003170597150267281,0.0,0.0,43.152581818181815,35.15418181818182,37.03869090909091,21.954545454545453
544,Vanuatu,VUT,2021,322.875,7.0,1.0,0.02168021680216802,0.003097173828881146,15.43,21.28394520547945,23.68484931506849,26.777561643835615,2.0547945205479454
545,Vanuatu,VUT,2022,330.606,12013.0,14.0,36.33630363635264,0.04234647889028027,40.31,31.889643835616436,33.00665753424658,37.00967123287671,5.0
546,Venezuela,VEN,2020,28352.075,113558.0,1028.0,4.005280036822701,0.03625836909644179,0.0,84.5562909090909,63.85090909090909,65.83090909090909,50.0
547,Venezuela,VEN,2021,28047.658,444635.0,5328.0,15.852838764648371,0.1899623847381482,41.02,77.72904109589041,68.82583561643835,69.46019178082192,64.38356164383562
548,Venezuela,VEN,2022,28555.733,550522.0,5832.0,19.278860745756376,0.20423219393457698,52.88,19.82958904109589,28.174383561643836,32.19909589041096,0.0
549,Vietnam,VNM,2020,97093.774,1465.0,35.0,0.01508850608690934,0.00036047625463605934,0.0,66.09683636363637,58.50654545454545,61.19010909090909,39.72727272727273
550,Vietnam,VNM,2021,97842.283,1731257.0,32394.0,17.694364306687326,0.3310838525711834,69.7,69.14849315068493,64.24197260273972,70.13123287671233,23.013698630136986
551,Vietnam,VNM,2022,98531.429,11525231.0,43186.0,116.97009895187858,0.4382966982037782,87.29,37.224575342465755,44.821917808219176,51.22336986301371,0.0
552,Yemen,YEM,2020,32640.962,2099.0,610.0,0.0643057027547166,0.018688174692890486,0.0,38.54152727272727,24.868399999999998,28.423890909090908,0.0
553,Yemen,YEM,2021,33322.321,10126.0,1984.0,0.30388039296542396,0.05953967012081781,0.64,31.49641095890411,28.582602739726028,32.66591780821918,0.0
554,Yemen,YEM,2022,34070.907,11945.0,2159.0,0.35059236902616064,0.06336784635642367,2.25,16.224821917808217,16.31041095890411,18.639917808219177,0.0
555,Zambia,ZMB,2020,19200.512,20725.0,388.0,1.0793982993786833,0.020207794458814432,0.0,47.74312727272727,43.44101818181819,46.07832727272727,25.0
556,Zambia,ZMB,2021,19745.738,254274.0,3734.0,12.877411824263037,0.1891040993251303,6.08,41.46079452054795,40.14317808219178,43.3686301369863,17.568493150684933
557,Zambia,ZMB,2022,20289.612,334425.0,4024.0,16.482572461218084,0.19832809025623555,42.74,9.308383561643835,23.528246575342465,24.311726027397263,18.04794520547945
558,Zimbabwe,ZWE,2020,15834.106,13867.0,363.0,0.8757677888476937,0.02292519703985814,0.0,77.0676,57.04556363636364,61.7128,24.363636363636363
559,Zimbabwe,ZWE,2021,16152.942,213258.0,5004.0,13.202424672855262,0.30978876789132287,19.21,61.88493150684931,53.64079452054794,60.54021917808219,5.342465753424658
560,Zimbabwe,ZWE,2022,16488.132,259981.0,5637.0,15.767765566166014,0.3418822702292776,29.11,51.833917808219184,49.85758904109589,56.979643835616436,0.0
