,country,ISO,year,population,GDP,inflation,unemployment,GDP_change,ConfirmedCases,ConfirmedDeaths,CasesPer1k,DeathsPer1k,PopulationVaccinated,StringencyIndex,GovernmentResponseIndex,ContainmentHealthIndex,EconomicSupportIndex
2,Afghanistan,AFG,2020,38972230.0,20143442150.971,,11.710000038147,5356580512.5175,52330.0,2189.0,1.320849784219134,0.0552520576658835,0.0,50.40087272727273,41.27552727272728,46.7698909090909,2.8181818181818183
3,Afghanistan,AFG,2021,40099462.0,14786861638.4535,,5.57999992370605,,158084.0,7356.0,3.895566564129709,0.1812693735339322,9.13,29.24221917808219,24.306739726027395,27.7813698630137,0.0
4,Albania,ALB,2018,2866376.0,15156432309.8977,2.02805963071136,12.3000001907349,-245398444.17959976,,,,,,,,,
5,Albania,ALB,2019,2854191.0,15401830754.0773,1.41109078954248,11.4700002670288,269964483.4836998,,,,,,,,,
28,Argentina,ARG,2018,44494502.0,524819742918.669,,9.22000026702881,77065133699.99103,,,,,,,,,
29,Argentina,ARG,2019,44938712.0,447754609218.678,,9.84000015258789,62214384590.38599,,,,,,,,,
30,Argentina,ARG,2020,45376763.0,385540224628.292,,11.460000038147,-101687114474.37799,1625514.0,43245.0,35.991665239079694,0.95751839926571,0.0,87.61752727272727,76.75356363636364,77.00541818181819,75.0
31,Argentina,ARG,2021,45808747.0,487227339102.67,,8.73999977111816,,5654408.0,117169.0,124.57404380182332,2.5813871475521104,67.62,66.84131506849316,64.28027397260274,67.11276712328767,44.45205479452055
32,Armenia,ARM,2018,2836557.0,12457941907.0333,2.52023382001631,13.210000038147,-1161349454.2481003,,,,,,,,,
33,Armenia,ARM,2019,2820602.0,13619291361.2814,1.44344660770702,12.1999998092651,977593837.9848003,,,,,,,,,
34,Armenia,ARM,2020,2805608.0,12641697523.2966,1.21143577838465,12.1800003051758,-1219712445.5383987,,,,,,,,,
40,Australia,AUS,2018,24966643.0,1428288504767.07,1.91140094445692,5.30000019073486,36060640369.98999,,,,,,,,,
41,Australia,AUS,2019,25340217.0,1392227864397.08,1.61076787290379,5.15999984741211,65326805273.87012,,,,,,,,,
42,Australia,AUS,2020,25655289.0,1326901059123.21,0.846905537459293,6.46000003814697,-225766304112.8501,28425.0,909.0,1.1019183574830165,0.035238127949061,0.0,64.10329696969697,60.12904242424243,59.34202828282828,65.63636363636364
43,Australia,AUS,2021,25688079.0,1552667363236.06,2.86391042204995,5.11999988555908,,425496.0,2253.0,16.336167470672176,0.0864999560781403,95.0,56.72220395738204,60.67946118721461,62.12586605783866,50.55555555555556
44,Austria,AUT,2018,8840521.0,454991174096.102,1.99837981429546,4.92999982833862,10369997995.554016,,,,,,,,,
45,Austria,AUT,2019,8879920.0,444621176100.548,1.53089564152645,4.55999994277954,9395938100.110962,,,,,,,,,
46,Austria,AUT,2020,8916864.0,435225238000.437,1.38191063351859,5.19999980926514,-45143165892.927,356063.0,7486.0,39.94223759003361,0.8397603530807516,0.0,56.43090909090909,62.57669090909091,58.58694545454546,90.5
47,Austria,AUT,2021,8955797.0,480368403893.364,2.76666666666665,6.46000003814697,,1270811.0,16815.0,142.3125886646339,1.883038609514569,73.43,61.54786301369863,73.85038356164384,70.11542465753425,100.0
48,Azerbaijan,AZE,2018,9939771.0,47112941176.4706,2.26854690374005,4.94000005722046,-1061294117.6470032,,,,,,,,,
49,Azerbaijan,AZE,2019,10024283.0,48174235294.1176,2.61057182799216,4.84999990463257,5481235294.1175995,,,,,,,,,
50,Azerbaijan,AZE,2020,10093121.0,42693000000.0,2.75980947008126,7.15999984741211,-11929176470.588203,218700.0,2641.0,21.24048718510031,0.2564980642700041,0.0,81.08214545454545,68.34,71.66665454545453,45.04545454545455
51,Azerbaijan,AZE,2021,10137750.0,54622176470.5882,6.65029912708779,5.94999980926514,,616947.0,8358.0,59.72606903842448,0.8091302575799086,45.15,65.46446575342465,60.81531506849315,67.80969863013699,11.849315068493151
52,Bahamas,BHS,2018,401906.0,12755800000.0,2.26586346678726,10.0,-437000000.0,,,,,,,,,
64,Barbados,BRB,2018,279688.0,5097283200.0,3.67381410406798,8.31999969482422,-226966800.0,,,,,,,,,
65,Barbados,BRB,2019,280180.0,5324250000.0,4.10028964518463,8.40999984741211,652450000.0,,,,,,,,,
68,Belarus,BLR,2018,9438785.0,60031262269.3365,4.87230220550689,4.76000022888184,-4378384924.4678955,,,,,,,,,
69,Belarus,BLR,2019,9419758.0,64409647193.8044,5.59815595039851,4.15999984741211,3038520779.6380997,,,,,,,,,
70,Belarus,BLR,2020,9379952.0,61371126414.1663,5.54814357456511,4.05000019073486,-6834254292.494598,194284.0,1424.0,20.22435581475213,0.148233939388766,0.0,32.61890909090909,34.37698181818182,39.2910909090909,0.0
71,Belarus,BLR,2021,9340314.0,68205380706.6609,9.46028389623105,3.90000009536743,,699110.0,5578.0,73.20601748835433,0.5840900080817618,33.86,34.249013698630144,37.23120547945205,42.1392602739726,2.8767123287671232
72,Belgium,BEL,2018,11427054.0,543299066998.902,2.05316499865181,5.94999980926514,7468190253.804993,,,,,,,,,
73,Belgium,BEL,2019,11488980.0,535830876745.097,1.43681956996435,5.3600001335144,10619066092.489014,,,,,,,,,
74,Belgium,BEL,2020,11538604.0,525211810652.608,0.740791812220385,5.55000019073486,-68892366886.91705,646496.0,19528.0,55.81825842502607,1.6860412910890543,0.0,61.76112727272728,61.58163636363636,59.60636363636364,75.4090909090909
75,Belgium,BEL,2021,11592952.0,594104177539.525,2.44024851144081,6.26000022888184,,2105343.0,28331.0,180.860841536821,2.4337927366608083,75.77,50.11495890410959,62.79980821917808,61.05873972602739,75.0
77,Belize,BLZ,2019,389095.0,2416500000.0,0.187069385181357,9.05000019073486,336500000.0,,,,,,,,,
79,Belize,BLZ,2021,400031.0,2491500000.0,3.23563659237067,10.1599998474121,,32840.0,602.0,81.56027488097514,1.4951061351506407,49.13,62.03216438356165,63.70449315068493,65.83328767123288,48.8013698630137
80,Benin,BEN,2018,11940683.0,14262408079.7014,0.644803622440778,1.47000002861023,-129278229.33160019,,,,,,,,,
88,Bhutan,BTN,2018,762096.0,2446866404.93058,2.72396386183716,3.34999990463257,-88790664.12478971,,,,,,,,,
89,Bhutan,BTN,2019,767459.0,2535657069.05537,2.72582104307304,2.72000002861023,210472587.6276698,,,,,,,,,
90,Bhutan,BTN,2020,772506.0,2325184481.4277,5.62999177986902,5.03000020980835,-214368503.2502699,670.0,0.0,0.8645072050869151,0.0,0.0,78.59443636363636,69.38661818181818,69.03901818181818,71.81818181818181
91,Bhutan,BTN,2021,777486.0,2539552984.67797,7.34683859830958,4.80000019073486,,2660.0,3.0,3.410409441449296,0.0038463264377247,72.22,58.23676712328766,66.6894794520548,65.55761643835616,74.62328767123287
92,Bolivia,BOL,2018,11606905.0,40287647930.4761,2.27205987230148,3.51999998092651,-607674913.3090057,,,,,,,,,
93,Bolivia,BOL,2019,11777315.0,40895322843.7851,1.83954504969032,3.6800000667572,4265479038.763504,,,,,,,,,
94,Bolivia,BOL,2020,11936162.0,36629843805.0216,0.940742153381823,7.90000009536743,-3778364723.138298,160124.0,9165.0,13.332580625876252,0.7631154694871215,0.0,83.81730909090909,63.65730909090909,67.99672727272727,33.27272727272727
95,Bolivia,BOL,2021,12079472.0,40408208528.1599,0.737383721452315,5.09000015258789,,599753.0,19680.0,49.36658807012876,1.6198909438054234,37.58,33.68230136986301,45.28246575342465,43.95358904109589,54.58904109589041
96,Bosnia and Herzegovina,BIH,2018,3400129.0,20183510863.0054,1.41710814018026,18.3999996185303,-18968674.513896942,,,,,,,,,
97,Bosnia and Herzegovina,BIH,2019,3360711.0,20202479537.5193,0.562782154061303,15.6899995803833,252008366.87279892,,,,,,,,,
98,Bosnia and Herzegovina,BIH,2020,3318407.0,19950471170.6465,-1.05129600763481,15.8699998855591,-3414890464.573601,110985.0,4050.0,33.67425795115723,1.2288214146252807,0.0,57.09341818181819,47.032545454545456,51.89890909090909,12.954545454545457
99,Bosnia and Herzegovina,BIH,2021,3270943.0,23365361635.2201,1.98163900587616,14.8999996185303,,291313.0,13442.0,89.74398075196123,4.141039326318643,22.29,38.78657534246575,43.32627397260274,43.09290410958904,44.965753424657535
101,Botswana,BWA,2019,2499702.0,16695928792.5697,2.7728644286333,20.0900001525879,1765856333.9883003,,,,,,,,,
102,Botswana,BWA,2020,2546402.0,14930072458.5814,1.89035916824198,21.0200004577637,-2684718807.101,14805.0,42.0,5.762352861501528,0.0163471003163163,0.0,61.38603636363637,51.603418181818185,52.92978181818182,42.31818181818182
104,Brazil,BRA,2018,210166592.0,1916947014067.55,3.66485028376724,12.3299999237061,43672581313.08008,,,,,,,,,
105,Brazil,BRA,2019,211782878.0,1873274432754.47,3.73297621216894,11.9399995803833,424714456536.28,,,,,,,,,
106,Brazil,BRA,2020,213196304.0,1448559976218.19,3.21176803803379,13.6999998092651,-160421480106.89014,7681032.0,195072.0,35.92159952057094,0.9122860393859594,0.0,74.89590976430976,62.77151245791246,65.04765656565657,46.84006734006734
107,Brazil,BRA,2021,214326223.0,1608981456325.08,8.30165975585676,13.1599998474121,,22291839.0,619334.0,103.76754312330849,2.882972892130216,79.46,58.43625773718924,53.29136478944698,58.25165296803653,18.569254185692543
112,Brunei Darussalam,BRN,2018,434274.0,13567351175.0315,1.02505179290213,8.69999980926514,97928216.52099991,,,,,,,,,
113,Brunei Darussalam,BRN,2019,438048.0,13469422958.5105,-0.390522069165492,6.59999990463257,1463597199.2875004,,,,,,,,,
114,Brunei Darussalam,BRN,2020,441725.0,12005825759.223,1.94031996607178,7.40999984741211,-2000743816.4570007,,,,,,,,,
115,Brunei Darussalam,BRN,2021,445373.0,14006569575.68,1.73341388450597,4.90999984741211,,,,,,,,,,
116,Bulgaria,BGR,2018,7025037.0,66363537115.2686,2.81454473824833,5.21000003814697,-2552338099.3851013,,,,,,,,,
117,Bulgaria,BGR,2019,6975761.0,68915875214.6537,3.10372944796774,4.23000001907349,-1324399795.542694,,,,,,,,,
118,Bulgaria,BGR,2020,6934015.0,70240275010.1964,1.67244096855762,5.11999988555908,-13816037724.112503,202266.0,7576.0,29.152879298322283,1.0919393944809783,0.0,48.40527272727273,46.90378181818182,43.96007272727273,67.5
119,Bulgaria,BGR,2021,6877743.0,84056312734.3089,3.29774435299511,5.26999998092651,,747108.0,30955.0,109.32827559503228,4.52980930607653,28.24,48.39558904109589,55.910493150684935,53.5025205479452,72.77397260273973
120,Burkina Faso,BFA,2018,20392723.0,15890065019.7634,1.95594302672532,4.69000005722046,-288097010.30600166,,,,,,,,,
126,Burundi,BDI,2020,12220227.0,2649671998.86192,7.32110643415513,1.02999997138977,-130141490.16254997,818.0,2.0,0.0660393413633297,0.0001614653823064,0.0,13.904036363636363,15.2688,16.468763636363636,6.863636363636363
129,Cambodia,KHM,2019,16207746.0,27089389786.979,1.94257500833109,0.5,1216591774.7851982,,,,,,,,,
136,Canada,CAN,2018,37065084.0,1725329192783.02,2.268225672481,5.82999992370605,-16685852699.29004,,,,,,,,,
137,Canada,CAN,2019,37601230.0,1742015045482.31,1.94926902411596,5.65999984741211,96591637913.94995,,,,,,,,,
138,Canada,CAN,2020,38037204.0,1645423407568.36,0.716999632307852,9.46000003814697,-342912924149.0598,590249.0,15736.0,15.525033181937811,0.4138963761920365,0.0,65.80587272727273,62.31927012987013,62.06107272727273,64.12337662337663
139,Canada,CAN,2021,38246108.0,1988336331717.42,3.39519318527532,7.46000003814697,,2223735.0,30320.0,58.07484640062536,0.7918341631835453,85.9,58.35503522504892,60.29037964774952,64.32269080234833,32.06213307240704
140,Cape Verde,CPV,2018,571202.0,1966501117.61028,1.25699566690509,12.1700000762939,-15344623.095870018,,,,,,,,,
141,Cape Verde,CPV,2019,577030.0,1981845740.70615,1.1066667429606,11.289999961853,278147064.0087302,,,,,,,,,
152,Chad,TCD,2018,15604210.0,11239167048.4916,4.27462198610544,1.12999999523163,-75784294.28910065,,,,,,,,,
156,Chile,CHL,2018,18701450.0,295402652037.155,2.43488981353058,7.21000003814697,16817918934.14502,,,,,,,,,
157,Chile,CHL,2019,19039485.0,278584733103.01,2.55754475703323,7.26999998092651,25857539392.992004,,,,,,,,,
158,Chile,CHL,2020,19300315.0,252727193710.018,3.04549084804331,10.9399995803833,-64331314941.742004,608973.0,16608.0,31.40016771217361,0.8563499290835216,0.0,82.90167272727273,76.12523636363636,76.25225454545455,75.22727272727273
159,Chile,CHL,2021,19493184.0,317058508651.76,4.52456838259136,9.27999973297119,,1806494.0,39115.0,92.2036819530484,1.9964345409359168,84.41,64.63060273972603,68.66254794520547,70.25019178082192,57.53424657534247
160,China,CHN,2018,1402760000.0,13894817549374.2,2.07479039965578,4.92999982833862,-385119951232.3008,,,,,,,,,
161,China,CHN,2019,1407745000.0,14279937500606.5,2.89923416358227,5.15000009536743,-407736392275.5,,,,,,,,,
162,China,CHN,2020,1411100000.0,14687673892882.0,2.4194218945778,5.6100001335144,-3046388752489.3984,93679.0,4733.0,0.0656999274999031,0.0033193966295225,0.0,71.3472,65.36909090909091,69.24803636363636,38.22727272727273
163,China,CHN,2021,1412360000.0,17734062645371.4,0.981015135544851,5.1100001335144,,115168.0,4890.0,0.0807671994136164,0.0034293519478725,84.68,71.18353424657533,72.90805479452054,74.39660273972602,62.5
164,Colombia,COL,2018,49276961.0,334198218100.719,3.24056932930567,9.35999965667725,11088677848.864014,,,,,,,,,
165,Colombia,COL,2019,50187406.0,323109540251.855,3.52301932741443,10.2799997329712,52809555313.88498,,,,,,,,,
166,Colombia,COL,2020,50930662.0,270299984937.97,2.52663500084712,15.5699996948242,-44164152303.360016,1642775.0,43213.0,32.057713661288005,0.8432743257264316,0.0,77.89796363636363,70.72970909090908,70.19476363636365,74.45454545454545
167,Colombia,COL,2021,51516562.0,314464137241.33,3.49505757399453,13.8999996185303,,5157440.0,129942.0,99.58595895597328,2.509074013203659,54.6,61.00991780821918,64.87394520547946,63.79843835616438,72.3972602739726
178,"Congo, (Kinshasa)",COD,2020,92853164.0,48716960860.0664,,1.47000002861023,-6634007732.993301,,,,,,,,,
180,Costa Rica,CRI,2018,5040734.0,62420165099.7231,2.22111461526584,9.01000022888184,-1997504982.8896027,,,,,,,,,
181,Costa Rica,CRI,2019,5084532.0,64417670082.6127,2.09604635327805,10.8100004196167,2259667849.5848007,,,,,,,,,
182,Costa Rica,CRI,2020,5123105.0,62158002233.0279,0.724911478131358,16.4300003051758,-2124436433.7110977,169321.0,2185.0,32.93637570900226,0.4250269070237593,0.0,66.28265454545455,54.36603636363636,55.09494545454546,49.27272727272727
183,Costa Rica,CRI,2021,5153957.0,64282438666.739,1.72647755109235,15.1400003433228,,570556.0,7353.0,110.42172313362542,1.423052128452856,67.66,56.327260273972605,57.38956164383561,60.47038356164384,35.821917808219176
184,Croatia,HRV,2018,4087843.0,62316840749.9705,1.50012501041753,8.43000030517578,-11142829.619400024,,,,,,,,,
185,Croatia,HRV,2019,4065253.0,62327983579.5899,0.771820346498083,6.61999988555908,4855971152.904594,,,,,,,,,
186,Croatia,HRV,2020,4047680.0,57472012426.6853,0.154811374562028,7.51000022888184,-11483070853.506897,210837.0,3920.0,51.68713686842686,0.960996298203035,0.0,50.39090909090909,57.34203636363636,55.50265454545455,70.22727272727273
187,Croatia,HRV,2021,3899000.0,68955083280.1922,2.55450699642046,7.6100001335144,,715245.0,12538.0,176.98954090287197,3.102566063153477,48.47,40.75468493150685,50.04868493150685,50.63920547945206,45.92465753424658
188,Cuba,CUB,2018,11328244.0,100050000000.0,,1.70000004768372,-3378000000.0,,,,,,,,,
192,Cyprus,CYP,2018,1218831.0,25596474964.5725,1.43549119531762,8.5,-348029681.1232033,,,,,,,,,
193,Cyprus,CYP,2019,1228836.0,25944504645.6957,0.250370996758456,7.15000009536743,936055759.3450012,,,,,,,,,
194,Cyprus,CYP,2020,1237537.0,25008448886.3507,-0.638422797978907,7.76000022888184,-3399418647.6528015,22346.0,120.0,18.002152588907077,0.0966731545094804,0.0,65.63763636363636,68.3352,63.81072727272728,100.0
195,Cyprus,CYP,2021,1244188.0,28407867534.0035,2.44608867175472,7.51000022888184,,166827.0,638.0,133.77409628893096,0.5115950861211791,67.84,59.49586301369863,72.09443835616439,68.10895890410958,100.0
196,Czech Republic,CZE,2018,10629928.0,249000540729.179,2.14949494949492,2.25,-3547639235.7180176,,,,,,,,,
197,Czech Republic,CZE,2019,10671870.0,252548179964.897,2.84787595918047,2.01999998092651,6573621310.854004,,,,,,,,,
198,Czech Republic,CZE,2020,10697858.0,245974558654.043,3.16129528497808,2.54999995231628,-35803328467.40799,718661.0,11580.0,68.28784427512136,1.100342493478713,0.0,51.02850909090909,56.58229090909092,54.39261818181818,71.9090909090909
199,Czech Republic,CZE,2021,10505772.0,281777887121.451,3.8398449150015,2.79999995231628,,2475729.0,36129.0,235.83975430352265,3.441674950381067,63.45,55.17052054794521,65.01356164383562,64.40446575342466,69.28082191780823
201,CÃ´te d'Ivoire,CIV,2019,26147551.0,58539424929.7248,-1.10686343994202,2.40000009536743,-2809154535.3768997,,,,,,,,,
204,Denmark,DNK,2018,5793636.0,356841216410.068,0.813609467455633,5.13000011444092,10342478448.432983,,,,,,,,,
205,Denmark,DNK,2019,5814422.0,346498737961.635,0.758131572511619,5.01999998092651,-8723711543.575989,,,,,,,,,
206,Denmark,DNK,2020,5831404.0,355222449505.211,0.420711974110026,5.6399998664856,-43080823259.24902,163479.0,1298.0,27.9905638280532,0.2222410942617281,0.0,55.65389090909091,56.28792727272727,51.97047272727272,86.5
207,Denmark,DNK,2021,5856733.0,398303272764.46,1.85304543989687,5.05999994277954,,802397.0,3267.0,136.74167434534934,0.5567506484773203,77.19,46.16438356164384,53.26545205479452,56.17816438356164,32.87671232876713
216,Dominican Republic,DOM,2018,10765531.0,85555378042.8196,3.56443426013507,5.8600001335144,-3385921690.682205,,,,,,,,,
217,Dominican Republic,DOM,2019,10881882.0,88941299733.5018,1.8106037704296,6.17999982833862,10096597404.423294,,,,,,,,,
218,Dominican Republic,DOM,2020,10999664.0,78844702329.0785,3.78103179915516,6.13000011444092,-15398751608.367691,170785.0,2414.0,15.441709659511138,0.2182644091580635,0.0,78.94785454545455,64.69029090909092,70.36196363636364,25.0
219,Dominican Republic,DOM,2021,11117873.0,94243453937.4462,8.24300347981817,7.69999980926514,,418778.0,4247.0,37.47196948540535,0.3800186600168024,50.76,60.44868493150685,59.022684931506845,65.8152602739726,11.472602739726028
220,Ecuador,ECU,2018,17015672.0,107562008000.0,-0.224103246005465,3.52999997138977,-546001000.0,,,,,,,,,
221,Ecuador,ECU,2019,17343740.0,108108009000.0,0.266012515466136,3.80999994277954,8816885000.0,,,,,,,,,
222,Ecuador,ECU,2020,17588595.0,99291124000.0,-0.338872392562274,6.1100001335144,-6874742000.0,212512.0,14034.0,12.01309573958843,0.7933283090337676,0.0,71.54287272727274,65.70698181818183,64.37825454545455,75.0
223,Ecuador,ECU,2021,17797737.0,106165866000.0,0.133251386096455,4.5,,549418.0,33681.0,30.684407414369907,1.881047810816888,70.5,63.15,67.23197260273973,66.12232876712329,75.0
224,Egypt,EGY,2018,103740765.0,249712999437.254,14.4014657807421,9.85999965667725,-53367866166.39102,,,,,,,,,
225,Egypt,EGY,2019,105618671.0,303080865603.645,9.15279959324812,7.84999990463257,-62171785675.20697,,,,,,,,,
226,Egypt,EGY,2020,107465134.0,365252651278.852,5.04493288977533,7.94000005722046,-38890114814.20099,138062.0,7631.0,1.27373398824663,0.0704021676081038,0.0,75.87665454545456,67.15934545454546,66.3693090909091,72.68181818181819
228,El Salvador,SLV,2018,6276342.0,26020850000.0,1.09033000581896,4.01000022888184,-860290000.0,,,,,,,,,
229,El Salvador,SLV,2019,6280217.0,26881140000.0,0.0753241350024327,4.17000007629395,2318120000.0,,,,,,,,,
230,El Salvador,SLV,2020,6292731.0,24563020000.0,-0.371590212323993,5.01000022888184,-4173920000.0,46242.0,1327.0,7.33471434870744,0.2104832390626437,0.0,76.03992727272727,66.34334545454546,65.55101818181818,71.9090909090909
231,El Salvador,SLV,2021,6314167.0,28736940000.0,3.46692585313078,4.32999992370605,,121945.0,3824.0,19.283515673737053,0.6047001839876214,65.6,33.87361643835616,41.6032602739726,42.027726027397264,38.63013698630137
240,Estonia,EST,2018,1321977.0,30624720196.229,3.43632688420445,5.36999988555908,-457181712.98659897,,,,,,,,,
241,Estonia,EST,2019,1326898.0,31081901909.2156,2.27725931243518,4.44999980926514,-288493663.5502014,,,,,,,,,
242,Estonia,EST,2020,1329522.0,31370395572.7658,-0.444531097679859,6.80000019073486,-5820770579.214203,27990.0,229.0,21.048246280273304,0.1722060878236008,0.01,44.564690909090906,43.36792727272727,41.37229090909091,57.31818181818182
243,Estonia,EST,2021,1330932.0,37191166151.98,4.65316673847481,6.17999982833862,,241408.0,1932.0,181.83790298282617,1.4552576077131667,61.47,38.15901369863014,44.43002739726028,46.20863013698631,31.98630136986301
247,Ethiopia,ETH,2021,120283026.0,111271112329.975,26.8395221557722,3.9300000667572,,420342.0,6937.0,3.4504437970002115,0.0569434617996547,0.0,43.71717808219178,45.02364383561643,51.45767123287671,0.0
256,Finland,FIN,2018,5515525.0,275708001767.843,1.08382098409299,7.3600001335144,7193084795.294006,,,,,,,,,
257,Finland,FIN,2019,5521606.0,268514916972.549,1.02409392963429,6.69000005722046,-3376871390.097992,,,,,,,,,
258,Finland,FIN,2020,5529543.0,271891788362.647,0.290554555653313,7.76000022888184,-25410095160.603973,36422.0,592.0,6.58182803216859,0.1069804567306519,0.0,44.77352727272727,45.99458181818182,42.695854545454544,69.0909090909091
259,Finland,FIN,2021,5541017.0,297301883523.251,2.19457432339993,7.6100001335144,,270829.0,1714.0,48.90143353611051,0.3094833163394371,73.73,42.45320547945205,52.98402739726028,49.83967123287671,75.0
260,France,FRA,2018,67158348.0,2790956878746.66,1.85081508315494,9.02000045776367,62086632040.78027,,,,,,,,,
261,France,FRA,2019,67388001.0,2728870246705.88,1.10825492288292,8.40999984741211,89861545057.62012,,,,,,,,,
262,France,FRA,2020,67571107.0,2639008701648.26,0.476498852725083,8.01000022888184,-318871057615.26025,2616902.0,64267.0,40.57064839161044,0.9963513575149656,0.0,63.85316363636363,61.916363636363634,60.41218181818181,72.45454545454545
263,France,FRA,2021,67749632.0,2957879759263.52,1.64233141038392,7.8600001335144,,9761814.0,121201.0,151.20402799592358,1.8773231488669968,73.21,52.6787397260274,58.94717808219178,61.418328767123285,41.64383561643836
272,Gambia,GMB,2018,2444916.0,1670670668.5939,6.52096823946571,4.13000011444092,-142937611.05654,,,,,,,,,
276,Georgia,GEO,2018,3726549.0,17596922469.9152,2.61524471397664,12.6700000762939,126486211.40209961,,,,,,,,,
277,Georgia,GEO,2019,3720161.0,17470436258.5131,4.85289821696731,11.5699996948242,1627513725.7929,,,,,,,,,
278,Georgia,GEO,2020,3722716.0,15842922532.7202,5.2024648897533,11.7299995422363,-2786443064.281502,227420.0,2505.0,60.441588767038894,0.6657557816437976,0.0,70.32345454545455,59.82512727272727,63.46207272727273,34.36363636363637
280,Germany,DEU,2018,82905782.0,3974443355019.6,1.73216766075662,3.38000011444092,86217319098.04004,,,,,,,,,
281,Germany,DEU,2019,83092962.0,3888226035921.56,1.4456670146976,3.14000010490417,-1442859378.0600586,,,,,,,,,
282,Germany,DEU,2020,83160871.0,3889668895299.62,0.506689889953274,3.85999989509583,-370266016522.02,1719737.0,33071.0,20.622741344558936,0.3965808021842343,0.0,62.22730909090909,58.715163636363634,60.61687272727273,45.40909090909091
283,Germany,DEU,2021,83196078.0,4259934911821.64,3.14296967309964,3.5699999332428,,7109182.0,111602.0,85.21461853218395,1.3377237855816313,70.96,61.776,62.15490410958904,65.67580821917808,37.5
292,Greece,GRC,2018,10732882.0,212049447242.111,0.625621413453588,19.1800003051758,6792432349.608978,,,,,,,,,
293,Greece,GRC,2019,10721582.0,205257014892.502,0.25300752203812,17.0400009155273,16331018955.695007,,,,,,,,,
294,Greece,GRC,2020,10698599.0,188925995936.807,-1.24798355581408,15.8999996185303,-25947883896.841003,138850.0,4838.0,13.247632552176208,0.4615919790236117,0.0,66.15894545454545,66.49945454545454,65.51916363636364,73.36363636363636
295,Greece,GRC,2021,10641221.0,214873879833.648,1.22382501019855,14.6599998474121,,1210853.0,20790.0,116.32066593836544,1.997192594690369,67.8,72.27019178082192,78.17342465753424,76.84038356164385,87.5
308,Guatemala,GTM,2018,16346950.0,73328024537.1848,3.75186186704512,2.27999997138977,-3842396630.328598,,,,,,,,,
309,Guatemala,GTM,2019,16604026.0,77170421167.5134,3.69998398008601,2.19000005722046,-455065810.7427063,,,,,,,,,
313,Guinea,GIN,2019,12877539.0,13442861443.7506,9.47077937313535,5.01999998092651,-734974372.5270996,,,,,,,,,
316,Guinea-Bissau,GNB,2018,1924955.0,1504630120.99275,0.381324702791038,3.20000004768372,64991677.611419916,,,,,,,,,
320,Guyana,GUY,2018,785514.0,4787636237.24043,1.28284288443518,14.0200004577637,-386123954.60609055,,,,,,,,,
321,Guyana,GUY,2019,798753.0,5173760191.84652,2.0872308916202,13.5200004577637,-297496402.87769985,,,,,,,,,
328,Honduras,HND,2018,9792850.0,24067778953.842,4.34734937777536,5.61999988555908,-1022197992.9316025,,,,,,,,,
329,Honduras,HND,2019,9958829.0,25089976946.7736,4.36587159819272,5.55000019073486,1262136137.0722008,,,,,,,,,
330,Honduras,HND,2020,10121763.0,23827840809.7014,3.46841177951168,10.6800003051758,-4660827491.938698,121827.0,3130.0,11.941791083399922,0.3068105271494968,0.0,88.99658181818182,74.5176,73.42312727272727,82.18181818181819
332,"Hong Kong, SAR China",HKG,2018,7452600.0,361731070995.726,2.40613432046539,2.80999994277954,-1321418188.6690063,,,,,,,,,
333,"Hong Kong, SAR China",HKG,2019,7507900.0,363052489184.395,2.8832085377399,2.92000007629395,18120297156.343994,,,,,,,,,
334,"Hong Kong, SAR China",HKG,2020,7481000.0,344932192028.051,0.250962021080809,5.80999994277954,-24244208939.375977,,,,,,,,,
335,"Hong Kong, SAR China",HKG,2021,7413100.0,369176400967.427,1.56875834445927,5.17000007629395,,,,,,,,,,
336,Hungary,HUN,2018,9775564.0,160564628963.713,2.85024792594642,3.71000003814697,-3423965958.1889954,,,,,,,,,
337,Hungary,HUN,2019,9771141.0,163988594921.902,3.3385863538201,3.42000007629395,6806549661.671997,,,,,,,,,
338,Hungary,HUN,2020,9750149.0,157182045260.23,3.3267438576673,4.25,-24665976973.660004,322514.0,9537.0,33.14286007897421,0.9800611960199466,0.0,57.3016,53.911781818181815,53.10898181818182,59.54545454545455
339,Hungary,HUN,2021,9709891.0,181848022233.89,5.11096534382858,4.05000019073486,,1256415.0,39186.0,129.68043608603023,4.044569324997855,60.01,48.19843835616438,53.6992602739726,55.7491506849315,39.34931506849315
340,Iceland,ISL,2018,352721.0,26264127686.6137,2.68291768267388,2.70000004768372,1438025566.9780006,,,,,,,,,
341,Iceland,ISL,2019,360563.0,24826102119.6357,3.01397179156056,3.50999999046326,3131427309.703602,,,,,,,,,
342,Iceland,ISL,2020,366463.0,21694674809.9321,2.84792401518658,6.42999982833862,-3907744400.4053,5754.0,29.0,15.593580453010588,0.0785912118764871,0.0,46.23465454545455,54.60385454545455,48.62563636363636,96.45454545454544
343,Iceland,ISL,2021,372520.0,25602419210.3374,4.44423970189747,5.98999977111816,,27059.0,37.0,72.80343959189823,0.0995501409845239,76.14,37.797917808219175,54.68224657534247,49.01487671232877,94.34931506849315
344,India,IND,2018,1369003306.0,2702929718960.46,3.93882646691634,7.65000009536743,-128622503559.53027,,,,,,,,,
345,India,IND,2019,1383112050.0,2831552222519.99,3.72950573539126,6.51000022888184,163864270723.49023,,,,,,,,,
346,India,IND,2020,1396387127.0,2667687951796.5,6.62343677628532,7.8600001335144,-508607113700.74023,10286709.0,148994.0,7.332942195426111,0.1062112663501337,0.0,78.97901818181818,68.88505454545454,70.39912727272728,58.27272727272727
348,Indonesia,IDN,2018,267066843.0,1042271531011.99,3.19834641562404,4.3899998664856,-76828337253.26001,,,,,,,,,
349,Indonesia,IDN,2019,269582878.0,1119099868265.25,3.03058664969491,3.58999991416931,60410932810.46997,,,,,,,,,
350,Indonesia,IDN,2020,271857970.0,1058688935454.78,1.92096800566845,4.25,-127404055865.26001,743198.0,22138.0,2.723433422700325,0.0811242348764929,0.0,64.90865454545455,54.56992727272727,58.02436363636364,30.40909090909091
351,Indonesia,IDN,2021,273753191.0,1186092991320.04,1.56012990525685,3.82999992370605,,4262720.0,144094.0,15.522458684160576,0.524710316801346,41.26,68.63630136986302,64.71558904109588,68.60216438356164,37.5
352,"Iran, Islamic Republic of",IRN,2018,85617562.0,331682036227.963,18.0141183371874,12.1899995803833,47935351047.625,,,,,,,,,
353,"Iran, Islamic Republic of",IRN,2019,86564202.0,283746685180.338,39.9073455697783,10.7399997711182,44011114077.84302,,,,,,,,,
354,"Iran, Islamic Republic of",IRN,2020,87290193.0,239735571102.495,30.5941390387295,9.6899995803833,-119977581622.568,,,,,,,,,
359,Iraq,IRQ,2021,43533592.0,207889333724.138,6.04186489058039,16.1700000762939,,2093740.0,24158.0,47.58914350019885,0.549093263097521,12.67,70.81345205479452,61.91786301369863,65.10457534246575,39.62328767123287
360,Ireland,IRL,2018,4867316.0,385736680797.118,0.488370168032449,5.73999977111816,-13585020835.31305,,,,,,,,,
361,Ireland,IRL,2019,4934340.0,399321701632.431,0.939044481054341,4.94999980926514,-26530580295.68994,,,,,,,,,
362,Ireland,IRL,2020,4985382.0,425852281928.121,-0.334584625428444,5.61999988555908,-78330321347.42102,91779.0,2237.0,18.47714309412776,0.45035758835424,0.0,70.19,67.93625454545455,63.83814545454546,96.63636363636364
363,Ireland,IRL,2021,5033165.0,504182603275.542,2.35814296241712,6.19000005722046,,788559.0,5912.0,157.5262970326144,1.181009243514837,77.28,58.556876712328766,71.24394520547945,67.1361095890411,100.0
368,Israel,ISR,2018,8882800.0,376691526553.276,0.817323896191417,4.0,-25778987065.87201,,,,,,,,,
369,Israel,ISR,2019,9054000.0,402470513619.148,0.844128708733833,3.79999995231628,-10797155612.373962,,,,,,,,,
370,Israel,ISR,2020,9215100.0,413267669231.522,-0.588430300016595,4.32999992370605,-75258876647.36902,423262.0,3325.0,47.93788015813106,0.3765834200230253,0.0,68.75796363636363,69.58152727272727,66.30236363636364,92.54545454545456
371,Israel,ISR,2021,9364000.0,488526545878.891,1.49228845352231,4.96000003814697,,1383932.0,8243.0,154.27189729089028,0.9188769747132146,62.89,51.76084931506849,63.771315068493145,62.16671232876712,75.0
372,Italy,ITA,2018,60421760.0,2091932426266.98,1.13748763600395,10.6099996566772,80630227439.53003,,,,,,,,,
373,Italy,ITA,2019,59729081.0,2011302198827.45,0.611246943765291,9.94999980926514,114546897309.31006,,,,,,,,,
374,Italy,ITA,2020,59438851.0,1896755301518.14,-0.13770757391657,9.15999984741211,-210947541151.5901,2107166.0,74159.0,35.497326631835755,1.2492828024419091,0.0,73.51174545454545,70.5972,70.77185454545456,69.36363636363636
375,Italy,ITA,2021,59109668.0,2107702842669.73,1.87378325762491,9.5,,6125683.0,137402.0,103.61544602956052,2.324144020406161,75.76,64.68704109589041,73.65241095890411,73.46000000000001,75.0
376,Jamaica,JAM,2018,2811835.0,15730793852.7913,3.7366388215216,5.46999979019165,-99974697.10029984,,,,,,,,,
377,Jamaica,JAM,2019,2813773.0,15830768549.8916,3.90510000865876,4.98999977111816,2018343513.3052006,,,,,,,,,
378,Jamaica,JAM,2020,2820436.0,13812425036.5864,5.22677779293517,6.5,-845161900.4871006,12827.0,302.0,4.538285124741809,0.1068497784105423,0.0,77.49927272727273,67.66694545454546,70.29501818181818,49.27272727272727
379,Jamaica,JAM,2021,2827695.0,14657586937.0735,5.86278242801063,8.35000038146973,,93920.0,2473.0,33.199115868519904,0.8741632617424375,20.05,73.64923287671233,70.16139726027397,76.89736986301371,23.013698630136982
380,Japan,JPN,2018,126811000.0,5037835383110.97,0.989094598021806,2.47000002861023,-85482768399.65039,,,,,,,,,
381,Japan,JPN,2019,126633000.0,5123318151510.62,0.468776159383912,2.34999990463257,83210397426.50977,,,,,,,,,
382,Japan,JPN,2020,126261000.0,5040107754084.11,-0.0249958340276592,2.79999995231628,99229973328.78027,235749.0,3492.0,1.886795759899351,0.0279479055841956,0.0,36.15290909090909,49.24996363636364,43.16803636363637,91.8181818181818
383,Japan,JPN,2021,125681593.0,4940877780755.33,-0.233352779398279,2.79999995231628,,1733307.0,18392.0,13.94697916313796,0.1479904256824863,80.44,48.84783561643835,57.73986301369863,51.70476712328767,100.0
384,Jordan,JOR,2018,10459865.0,43370860549.1337,4.46231108475485,18.2600002288818,-1623131815.9960022,,,,,,,,,
385,Jordan,JOR,2019,10698683.0,44993992365.1297,0.761514047265513,16.7999992370605,811694073.3090973,,,,,,,,,
386,Jordan,JOR,2020,10928721.0,44182298291.8206,0.33329435062843,19.2099990844727,-1561973367.0934982,294494.0,3834.0,26.67429926456236,0.3472711273585611,0.0,71.72098181818183,57.8004,60.69840000000001,37.5
387,Jordan,JOR,2021,11148278.0,45744271658.9141,1.34609377243118,19.8400001525879,,1063405.0,12653.0,94.47290779562178,1.124092610377046,34.86,50.42345205479453,48.62654794520547,52.22454794520548,23.42465753424657
388,Kazakhstan,KAZ,2018,18276452.0,179339994859.384,6.01913096570673,4.84999990463257,-2327195216.1569824,,,,,,,,,
389,Kazakhstan,KAZ,2019,18513673.0,181667190075.541,5.24547679608388,4.80000019073486,10584810542.552979,,,,,,,,,
390,Kazakhstan,KAZ,2020,18755666.0,171082379532.988,6.74900183815967,4.8899998664856,-26029875827.623993,201196.0,2749.0,10.535240110069266,0.1439460777678503,0.0,79.18447272727272,65.04043636363636,70.2093090909091,28.863636363636363
393,Kenya,KEN,2019,50951450.0,100379713697.421,5.23585999425422,5.01000022888184,-286828968.298996,,,,,,,,,
397,Kiribati,KIR,2019,124241.0,177935349.322211,-1.81307995302948,8.5600004196167,-2976494.3224110007,,,,,,,,,
398,Kiribati,KIR,2020,126463.0,180911843.644622,,10.9700002670288,-26119406.355378002,0.0,0.0,0.0,0.0,0.0,23.41872727272727,15.254436363636364,17.440254545454547,0.0
404,Korea (South),KOR,2018,51585058.0,1724845615629.26,1.47583935002643,3.8199999332428,73422683181.48999,,,,,,,,,
405,Korea (South),KOR,2019,51764822.0,1651422932447.77,0.383000303608079,3.75,7110100541.600098,,,,,,,,,
406,Korea (South),KOR,2020,51836239.0,1644312831906.17,0.537288023411772,3.9300000667572,-166643039474.81006,,,,,,,,,
407,Korea (South),KOR,2021,51744876.0,1810955871380.98,2.49833333333334,3.64000010490417,,,,,,,,,,
412,Kyrgyzstan,KGZ,2018,6322800.0,8271108638.39931,1.54266145238431,3.67000007629395,-599917435.7983103,,,,,,,,,
413,Kyrgyzstan,KGZ,2019,6456200.0,8871026074.19762,1.13362257718798,4.25,1090151537.5370808,,,,,,,,,
414,Kyrgyzstan,KGZ,2020,6579900.0,7780874536.66054,6.32542296338083,4.63000011444092,-762548965.9528608,,,,,,,,,
415,Kyrgyzstan,KGZ,2021,6691800.0,8543423502.6134,11.9050398185147,4.09999990463257,,,,,,,,,,
420,Latvia,LVA,2018,1927174.0,34429023435.0211,2.53445424186602,7.40999984741211,85062362.19760132,,,,,,,,,
421,Latvia,LVA,2019,1913822.0,34343961072.8235,2.81140920075622,6.30999994277954,-257779250.51509857,,,,,,,,,
422,Latvia,LVA,2020,1900449.0,34601740323.3386,0.219064904842049,8.10000038146973,-5251761256.482498,40904.0,635.0,21.678343915287837,0.3365379519413205,0.0,49.3636,53.90443636363637,52.30669090909091,65.0909090909091
423,Latvia,LVA,2021,1884490.0,39853501579.8211,3.27582937431157,7.51000022888184,,276674.0,4570.0,148.67129004211765,2.455698025446835,68.22,49.57482191780822,51.50564383561644,51.12482191780822,54.17808219178082
425,Lebanon,LBN,2019,5781907.0,51953744530.2445,3.0053894939038,11.3000001907349,20241616276.4484,,,,,,,,,
429,Lesotho,LSO,2019,2225702.0,2453980835.24819,5.18708359197993,16.8799991607666,222766327.77207994,,,,,,,,,
444,Lithuania,LTU,2018,2801543.0,53751411409.4447,2.69792779208397,6.15000009536743,-1000098678.3355942,,,,,,,,,
445,Lithuania,LTU,2019,2794137.0,54751510087.7803,2.33450937988024,6.26000022888184,-2095112816.6588058,,,,,,,,,
446,Lithuania,LTU,2020,2794885.0,56846622904.4391,1.19989444983569,8.48999977111816,-9598633680.928001,145052.0,1800.0,51.71870972066577,0.6417952010120398,0.0,56.76505454545455,55.6196,53.74723636363636,68.72727272727273
447,Lithuania,LTU,2021,2800839.0,66445256585.3671,4.68354420903459,7.1100001335144,,524427.0,7397.0,189.41490998559595,2.671681834008267,66.62,46.80186301369863,59.50408219178082,56.862684931506855,77.97945205479452
448,Luxembourg,LUX,2018,607950.0,71000359760.4611,1.52819524307373,5.59000015258789,1174717909.4494019,,,,,,,,,
449,Luxembourg,LUX,2019,620001.0,69825641851.0117,1.74332075653843,5.59000015258789,-4166949434.2911987,,,,,,,,,
450,Luxembourg,LUX,2020,630419.0,73992591285.3029,0.819957302126994,6.76999998092651,-11513652548.478699,46415.0,495.0,73.12673304764306,0.7798714393748424,0.0,51.23912727272727,58.72305454545455,53.478218181818185,95.45454545454544
451,Luxembourg,LUX,2021,640064.0,85506243833.7816,2.52692009066169,5.25,,103766.0,915.0,161.1468469783607,1.420979559636105,5.85,46.04334246575343,55.21898630136987,56.9413698630137,43.18493150684932
452,"Macao, SAR China",MAC,2018,650991.0,55284360483.1217,3.00446293166949,1.83000004291534,79602413.6092987,,,,,,,,,
453,"Macao, SAR China",MAC,2019,663653.0,55204758069.5124,2.75193081051976,1.75,29745194414.0318,,,,,,,,,
454,"Macao, SAR China",MAC,2020,676283.0,25459563655.4806,0.81141051149158,2.5699999332428,-4664351153.088501,,,,,,,,,
456,"Macedonia, Republic of",MKD,2018,2076217.0,12683070061.4695,1.45831298507127,21.2000007629395,76731612.9224987,,,,,,,,,
457,"Macedonia, Republic of",MKD,2019,2076694.0,12606338448.547,0.766439573459688,17.3899993896484,242757913.86590004,,,,,,,,,
458,"Macedonia, Republic of",MKD,2020,2072531.0,12363580534.6811,1.20007348888482,16.5499992370605,-1461469297.1147995,,,,,,,,,
459,"Macedonia, Republic of",MKD,2021,2065092.0,13825049831.7959,3.23074912132919,15.7799997329712,,,,,,,,,,
466,Malawi,MWI,2020,19377061.0,12182348212.7073,8.62551469650552,0.910000026226044,-444369279.1868,6583.0,189.0,0.3352986906237232,0.0096265308412401,0.0,56.91872727272728,49.59534545454545,50.0656,46.31818181818182
468,Malaysia,MYS,2018,32399271.0,358791603677.728,0.884709160571244,3.29999995231628,-6383532109.839966,,,,,,,,,
469,Malaysia,MYS,2019,32804020.0,365175135787.568,0.662891865764376,3.25999999046326,27837203112.416016,,,,,,,,,
470,Malaysia,MYS,2020,33199993.0,337337932675.152,-1.13870215393056,4.53999996185303,-35643024532.87103,113010.0,471.0,3.3839029345364358,0.0141033384847948,0.0,66.18392727272727,68.89549090909091,68.08854545454545,74.54545454545455
473,Maldives,MDV,2019,504508.0,5609400721.62268,0.220029731065343,4.55999994277954,1863078785.24539,,,,,,,,,
476,Mali,MLI,2018,19934298.0,17070866299.0945,0.299546507387888,1.62000000476837,-209384894.85820198,,,,,,,,,
478,Mali,MLI,2020,21224040.0,17465392915.9153,0.438088940320712,3.52999997138977,-1675068689.907402,7090.0,269.0,0.3288299095522955,0.0124760572171463,0.0,49.20818181818182,44.95498181818182,45.87236363636364,38.54545454545455
480,Malta,MLT,2018,484630.0,15298771846.9532,1.15782362451512,3.66000008583069,-427076132.4490013,,,,,,,,,
481,Malta,MLT,2019,504062.0,15725847979.4022,1.64206001768947,3.61999988555908,792781160.4416008,,,,,,,,,
482,Malta,MLT,2020,515332.0,14933066818.9606,0.638544956776653,4.34999990463257,-2430978124.859602,12774.0,219.0,24.512541233226067,0.4202478886861209,0.0,54.67996363636364,59.61592727272728,59.20461818181818,62.5
483,Malta,MLT,2021,518536.0,17364044943.8202,1.49789217934737,3.39000010490417,,52473.0,476.0,98.56398215543555,0.8941065977929091,81.73,51.80452054794521,63.21986301369863,63.3212602739726,62.5
485,Marshall Islands,MHL,2019,44728.0,232092300.0,,6.34000015258789,-9630100.0,,,,,,,,,
489,Mauritania,MRT,2019,4383849.0,8066126312.31807,2.30009262117938,10.4200000762939,-339364889.4286699,,,,,,,,,
492,Mauritius,MUS,2018,1265303.0,14735695930.9727,3.2160538314458,6.42999982833862,299342032.9925003,,,,,,,,,
493,Mauritius,MUS,2019,1265711.0,14436353897.9802,0.405655190309511,6.32999992370605,3035303243.417799,,,,,,,,,
494,Mauritius,MUS,2020,1265740.0,11401050654.5624,2.58080077182828,8.63000011444092,-127992017.79039955,527.0,10.0,0.4057919680910453,0.0077000373451811,0.0,36.46814545454546,45.27250909090909,43.22,59.63636363636363
495,Mauritius,MUS,2021,1266060.0,11529042672.3528,4.02852888157379,8.19999980926514,,68480.0,786.0,52.71203740337794,0.6050184199628368,70.02,52.53958904109589,64.08339726027397,61.14432876712329,84.65753424657534
496,Mexico,MEX,2018,124013861.0,1222408203104.3,4.89935015356549,3.26999998092651,-46603564374.26001,,,,,,,,,
497,Mexico,MEX,2019,125085311.0,1269011767478.56,3.6359614212705,3.48000001907349,178496377729.15002,,,,,,,,,
498,Mexico,MEX,2020,125998302.0,1090515389749.41,3.39683415569999,4.44000005722046,-182323944369.89,1426094.0,125807.0,11.28362633301996,0.995417677991943,0.0,74.11821818181818,56.99447272727273,61.86396363636364,22.90909090909091
499,Mexico,MEX,2021,126705138.0,1272839334119.3,5.68920847683764,4.09000015258789,,3979723.0,299428.0,31.330447802934835,2.3572528351187185,57.08,49.1213698630137,50.25224657534247,53.096,30.34246575342466
504,Moldova,MDA,2018,2707203.0,11457443185.0542,3.04505397337073,1.24000000953674,-513901817.7215004,,,,,,,,,
505,Moldova,MDA,2019,2664224.0,11971345002.7757,4.83778351428719,1.5,111614459.22319984,,,,,,,,,
506,Moldova,MDA,2020,2635130.0,11859730543.5525,3.76597122245352,1.21000003814697,-1819490789.6527004,144818.0,2985.0,47.10033922339633,0.9708358945838088,0.0,63.8,59.462363636363634,62.63872727272728,37.22727272727273
507,Moldova,MDA,2021,2615199.0,13679221333.2052,5.10641129002835,0.790000021457672,,376155.0,10275.0,123.39654691089554,3.370683679625292,30.01,53.74821917808219,54.81745205479452,57.29235616438356,37.5
512,Mongolia,MNG,2018,3163991.0,13178094459.4548,6.82424790145521,5.38000011444092,-1028264547.3547001,,,,,,,,,
513,Mongolia,MNG,2019,3232430.0,14206359006.8095,7.30106953550724,9.27000045776367,893377412.2364998,,,,,,,,,
514,Mongolia,MNG,2020,3294335.0,13312981594.573,3.79604026111249,6.59000015258789,-1973460223.5706997,1195.0,1.0,0.3597006447822186,0.0003010047236671,0.0,63.29836363636363,57.36992727272728,56.48992727272727,63.54545454545455
515,Mongolia,MNG,2021,3347782.0,15286441818.1437,7.35281243380224,7.75,,692621.0,1986.0,205.32092947146432,0.5887308729165419,63.66,58.9547397260274,59.90975342465754,60.327616438356166,56.98630136986301
516,Montenegro,MNE,2018,622227.0,5506766650.92111,2.61122378263797,15.1899995803833,-35287194.371629715,,,,,,,,,
517,Montenegro,MNE,2019,622028.0,5542053845.29274,0.361563704540798,15.1300001144409,772193104.552,,,,,,,,,
518,Montenegro,MNE,2020,621306.0,4769860740.74074,-0.255655699848551,17.8799991607666,-1091407298.0574598,,,,,,,,,
528,Myanmar,MMR,2018,52666014.0,67144725830.5753,6.87232865662918,0.769999980926514,-1553033530.6557007,,,,,,,,,
529,Myanmar,MMR,2019,53040212.0,68697759361.231,8.82506696804562,0.409999996423721,-10232497865.859802,,,,,,,,,
530,Myanmar,MMR,2020,53423198.0,78930257227.0908,,1.48000001907349,13838505953.802902,124630.0,2682.0,2.324387558940793,0.0500201190169237,0.0,79.43541818181819,65.17538181818182,71.13301818181817,23.454545454545453
532,Namibia,NAM,2018,2405680.0,13682062250.8152,4.29159105337873,19.8799991607666,1140134146.191,,,,,,,,,
544,Netherlands,NLD,2018,17231624.0,914043438179.607,1.70349794744475,3.82999992370605,3849090610.981079,,,,,,,,,
545,Netherlands,NLD,2019,17344874.0,910194347568.626,2.63369910249593,3.38000011444092,400880907.14501953,,,,,,,,,
546,Netherlands,NLD,2020,17441500.0,909793466661.481,1.2724603778917,3.8199999332428,-103053294315.24902,805164.0,11432.0,46.09672340236968,0.6544973967240092,0.0,61.361018181818174,57.61734545454546,56.32229090909091,66.68181818181819
547,Netherlands,NLD,2021,17533044.0,1012846760976.73,2.67572008805381,4.21000003814697,,3148315.0,20924.0,179.5287249438359,1.1931649281361052,67.08,57.80901369863014,61.78605479452055,61.5131506849315,63.6986301369863
549,New Caledonia,NCL,2019,271230.0,9438130987.37298,,10.8800001144409,2601060.1258792877,,,,,,,,,
550,New Caledonia,NCL,2020,271130.0,9435529927.2471,,13.5600004196167,-635822032.8006,,,,,,,,,
552,New Zealand,NZL,2018,4900600.0,211953111035.513,1.59829703801698,4.32999992370605,-1481460322.4710083,,,,,,,,,
553,New Zealand,NZL,2019,4979200.0,213434571357.984,1.61963190184049,4.1100001335144,1700039049.9710083,,,,,,,,,
554,New Zealand,NZL,2020,5090200.0,211734532308.013,1.71456170007244,4.59999990463257,-38151154721.621,2162.0,26.0,0.424273382771714,0.0051022700980872,0.0,40.99512727272728,47.82261818181818,43.8476,75.63636363636364
555,New Zealand,NZL,2021,5122600.0,249885687029.634,3.94112060778728,3.77999997138977,,14118.0,48.0,2.7340944953254303,0.0092956888918841,74.37,44.59435616438356,53.06213698630137,51.37504109589041,64.86301369863014
556,Nicaragua,NIC,2018,6572233.0,13025239912.2751,4.94723728039882,5.19999980926514,428603870.0430012,,,,,,,,,
565,Nigeria,NGA,2019,203304492.0,448120015209.524,11.3967949687168,10.6999998092651,15921079207.346985,,,,,,,,,
572,Norway,NOR,2018,5311916.0,436999692591.454,2.76483134528794,3.79999995231628,32058328955.089966,,,,,,,,,
573,Norway,NOR,2019,5347896.0,404941363636.364,2.16773003305405,3.69000005722046,42743045201.104004,,,,,,,,,
574,Norway,NOR,2020,5379475.0,362198318435.26,1.28658490707998,4.42000007629395,-119976536046.69598,49567.0,436.0,9.193165153328538,0.0808646883380322,0.0,49.01850909090909,42.96945454545455,43.75145454545454,37.5
575,Norway,NOR,2021,5408320.0,482174854481.956,3.48388055266678,4.36999988555908,,394259.0,1305.0,72.81783729403458,0.2410275419678818,72.31,50.34126027397261,54.66668493150685,57.119506849315066,37.5
576,Oman,OMN,2018,4601157.0,91505851755.5267,0.881302104009536,1.79999995231628,3444993498.0494995,,,,,,,,,
578,Oman,OMN,2020,4543399.0,75909397659.2978,-0.903874872278535,2.94000005722046,-12282579713.9142,128867.0,1499.0,28.65200378596786,0.3332843449072751,0.0,76.62429090909092,67.97181818181818,69.23567272727273,59.13636363636363
579,Oman,OMN,2021,4520471.0,88191977373.212,1.54663705583755,1.89999997615814,,305489.0,4116.0,67.23973269538028,0.9059532087053388,63.42,56.8271506849315,58.24531506849316,60.32183561643836,43.6986301369863
580,Pakistan,PAK,2018,219731479.0,356128224957.085,5.07805725868917,4.07999992370605,35218735727.362,,,,,,,,,
581,Pakistan,PAK,2019,223293280.0,320909489229.723,10.5783618004555,4.82999992370605,20483822456.679993,,,,,,,,,
583,Pakistan,PAK,2021,231402117.0,348262544719.178,9.49621056124979,6.34000015258789,,1295933.0,28933.0,5.549473087115491,0.1238975354663493,29.93,57.80989041095891,63.19057534246576,62.44268493150685,68.42465753424658
586,Palau,PLW,2020,17972.0,251900000.0,0.218181818181824,0.769999980926514,34100000.0,,,,,,,,,
588,Palestinian Territory,PSE,2018,4569087.0,16276600000.0,-0.195107773730686,26.2600002288818,-856900000.0,,,,,,,,,
589,Palestinian Territory,PSE,2019,4685306.0,17133500000.0,1.58018333639459,25.3400001525879,1601800000.0,,,,,,,,,
590,Palestinian Territory,PSE,2020,4803269.0,15531700000.0,-0.735332001092242,25.8899993896484,-2505100000.0,,,,,,,,,
591,Palestinian Territory,PSE,2021,4922749.0,18036800000.0,1.23748102831382,26.3899993896484,,,,,,,,,,
592,Panama,PAN,2018,4165255.0,64929400000.0,0.761578359399943,5.30999994277954,-2055000000.0,,,,,,,,,
593,Panama,PAN,2019,4232532.0,66984400000.0,-0.355083821021212,6.40999984741211,13007400000.0,,,,,,,,,
594,Panama,PAN,2020,4294396.0,53977000000.0,-1.55027540803759,18.5499992370605,-9628100000.0,246790.0,4022.0,57.08434298995293,0.9303181956545672,0.0,78.77007272727273,69.98923636363637,71.07101818181818,62.40909090909091
595,Panama,PAN,2021,4351267.0,63605100000.0,1.63070337301891,10.289999961853,,495920.0,7428.0,113.24230775729902,1.6961684586651418,63.61,66.15997260273973,69.03,70.56443835616439,58.28767123287671
600,Paraguay,PRY,2018,6443328.0,40225448340.6322,3.97561015740691,6.21999979019165,2300110011.4828033,,,,,,,,,
601,Paraguay,PRY,2019,6530026.0,37925338329.1494,2.75709727562792,6.59000015258789,2493160260.9680023,,,,,,,,,
602,Paraguay,PRY,2020,6618695.0,35432178068.1814,1.76751592356686,7.55000019073486,-4063253505.9968033,107932.0,2262.0,16.19542548104084,0.3394178968064557,0.0,76.6545090909091,65.48334545454546,64.66898181818182,71.18181818181819
603,Paraguay,PRY,2021,6703799.0,39495431574.1782,4.78798310123612,7.30999994277954,,466101.0,16624.0,69.12115187238433,2.465281191687031,43.48,49.014986301369866,50.74978082191782,55.55449315068493,17.123287671232877
604,Peru,PER,2018,32203944.0,222597212925.211,1.50915423024742,3.49000000953674,-5726282115.690002,,,,,,,,,
605,Peru,PER,2019,32824861.0,228323495040.901,2.25212191358024,3.38000011444092,26618439102.247986,,,,,,,,,
606,Peru,PER,2020,33304756.0,201705055938.653,2.00241205759293,7.17999982833862,-21544441561.73398,1015137.0,93070.0,30.285211495454654,2.7766150124386804,0.0,83.0736,74.67334545454545,75.2117090909091,70.9090909090909
607,Peru,PER,2021,33715471.0,223249497500.387,4.27166381536796,5.09999990463257,,2296831.0,202690.0,67.72972712200433,5.97699107612143,64.86,63.2287397260274,64.3351506849315,66.17764383561644,51.43835616438356
608,Philippines,PHL,2018,108568836.0,346842094175.24,5.30934661627714,2.33999991416931,-29981184385.60901,,,,,,,,,
609,Philippines,PHL,2019,110380804.0,376823278560.849,2.39206534422402,2.24000000953674,15072162268.307983,,,,,,,,,
610,Philippines,PHL,2020,112190977.0,361751116292.541,2.39316239316241,2.51999998092651,-32335284878.627014,474064.0,9244.0,4.191757372951281,0.0817370759128759,0.0,77.43410909090909,65.8352,68.53290909090909,46.95454545454545
611,Philippines,PHL,2021,113880328.0,394086401171.168,3.92718022100326,3.40000009536743,,2843979.0,51504.0,24.80221656011228,0.4491641329672345,42.94,72.81282191780822,66.07369863013699,74.80887671232877,4.931506849315069
612,Poland,POL,2018,37974750.0,588782567765.872,1.81295156542681,3.84999990463257,-7272024097.440063,,,,,,,,,
613,Poland,POL,2019,37965475.0,596054591863.312,2.227478809383,3.27999997138977,-3394596535.7960205,,,,,,,,,
614,Poland,POL,2020,37899070.0,599449188399.108,3.3744697261859,3.16000008583069,-79995644455.18701,1294878.0,28554.0,33.739437225797275,0.7440051422183521,0.0,58.73825454545455,53.373636363636365,53.59687272727273,51.81818181818182
615,Poland,POL,2021,37747124.0,679444832854.295,5.05502704719268,3.35999989509583,,4108215.0,97054.0,107.44171748784493,2.538243117525568,52.8,53.05386301369863,59.18424657534246,55.40950684931507,85.61643835616438
616,Portugal,PRT,2018,10283822.0,242313116577.967,0.99371568346825,6.98999977111816,2326193939.0650024,,,,,,,,,
617,Portugal,PRT,2019,10286263.0,239986922638.902,0.338178410046125,6.46000003814697,10955062118.125,,,,,,,,,
618,Portugal,PRT,2020,10297081.0,229031860520.777,-0.0124383299576167,6.80000019073486,-24631284065.242004,413678.0,6906.0,40.17077517308242,0.6706166954619467,0.0,65.7845818181818,62.89214545454546,61.16294545454546,75.0
619,Portugal,PRT,2021,10325147.0,253663144586.019,1.2656571906905,6.57999992370605,,1389646.0,18955.0,135.1503595234571,1.843473132558313,83.05,60.15901369863014,68.0786301369863,67.09186301369863,75.0
620,Puerto Rico,PRI,2018,3193354.0,100958100000.0,,9.19999980926514,-4168300000.0,,,,,,,,,
621,Puerto Rico,PRI,2019,3193694.0,105126400000.0,,8.30000019073486,2106100000.0,,,,,,,,,
623,Puerto Rico,PRI,2021,3263584.0,106525700000.0,,7.90000009536743,,272724.0,3305.0,83.93718468618196,1.0171909893805875,,,,,
624,Qatar,QAT,2018,2766732.0,183334953818.681,0.255815382724374,0.109999999403954,7497402829.670013,,,,,,,,,
625,Qatar,QAT,2019,2807235.0,175837550989.011,-0.666641124861102,0.100000001490116,31426187643.740997,,,,,,,,,
626,Qatar,QAT,2020,2760385.0,144411363345.27,-2.54031503004763,0.140000000596046,-35265848448.668,143834.0,245.0,53.42738490568841,0.0910056683530574,0.0,74.18665454545456,63.53250909090909,67.25050909090909,37.5
627,Qatar,QAT,2021,2688235.0,179677211793.938,2.30446565742003,0.140000000596046,,250528.0,618.0,93.32980669291778,0.2302250468459541,82.31,63.33397260273972,67.2806301369863,69.49347945205479,51.78082191780822
628,Romania,ROU,2018,19473970.0,243317079358.636,4.62548443137781,4.19000005722046,-7702199057.561005,,,,,,,,,
629,Romania,ROU,2019,19371648.0,251019278416.197,3.82785432599428,3.91000008583069,-342762111.6069946,,,,,,,,,
630,Romania,ROU,2020,19265250.0,251362040527.804,2.63107311184752,5.03000020980835,-32725523167.993988,632263.0,15767.0,32.60037576928988,0.812968851181223,0.0,59.6596,58.21665454545455,54.074254545454544,87.22727272727273
631,Romania,ROU,2021,19119880.0,284087563695.798,5.05232876096582,5.59000015258789,,1808891.0,58752.0,93.9060539206894,3.050028155343989,39.76,59.33416438356165,67.29646575342466,66.49397260273972,72.91095890410959
632,Russian Federation,RUS,2018,144477859.0,1657329646183.62,2.87829723647886,4.84999990463257,-35784258079.269775,,,,,,,,,
633,Russian Federation,RUS,2019,144406261.0,1693113904262.89,4.47036660760175,4.5,203751415823.12988,,,,,,,,,
634,Russian Federation,RUS,2020,144073139.0,1489362488439.76,3.38165937237896,5.59000015258789,-289420137353.98,,,,,,,,,
635,Russian Federation,RUS,2021,143449286.0,1778782625793.74,6.69445891957619,4.71999979019165,,,,,,,,,,
636,Rwanda,RWA,2018,12531808.0,9642440645.81148,-0.311210160390642,10.7600002288818,-713886503.6147213,,,,,,,,,
637,Rwanda,RWA,2019,12835028.0,10356327149.4262,3.3478765503764,11.2399997711182,171981707.2554016,,,,,,,,,
638,Rwanda,RWA,2020,13146362.0,10184345442.1708,9.85039902274209,11.8299999237061,-886011077.3096008,8383.0,92.0,0.6300453229788344,0.006914490005255,0.0,73.71694545454545,69.5030909090909,70.69236363636364,61.18181818181818
639,Rwanda,RWA,2021,13461888.0,11070356519.4804,-0.391346748300792,15.789999961853,,111786.0,1350.0,8.208463515822693,0.0991307117739308,39.45,60.95657534246576,60.69186301369863,63.418273972602734,41.60958904109589
644,Saint Lucia,LCA,2018,177888.0,2057067919.33041,1.93561893150608,19.0799999237061,-37133805.8441,,,,,,,,,
645,Saint Lucia,LCA,2019,178583.0,2094201725.17451,0.539087559191731,15.3199996948242,578186006.4396,,,,,,,,,
646,Saint Lucia,LCA,2020,179237.0,1516015718.73491,-1.75580833517596,20.3899993896484,-175259437.86528993,,,,,,,,,
647,Saint Lucia,LCA,2021,179651.0,1691275156.6002,2.41070312174385,19.5200004577637,,,,,,,,,,
660,San Marino,SMR,2018,34156.0,1655300872.53427,,7.82999992370605,39112170.19022012,,,,,,,,,
661,San Marino,SMR,2019,34178.0,1616188702.34405,,7.53999996185303,74984364.55240989,,,,,,,,,
662,San Marino,SMR,2020,34007.0,1541204337.79164,,7.23000001907349,,2333.0,59.0,68.97877121400272,1.744426704511856,0.0,47.353381818181816,49.26294545454545,47.02574545454545,64.9090909090909
663,San Marino,SMR,2021,33745.0,,,6.34000015258789,,8202.0,100.0,243.60687873117703,2.970091181799281,64.19,52.433424657534246,60.18230136986302,58.06323287671233,75.0
668,Saudi Arabia,SAU,2018,35018133.0,816578674529.141,2.45814158007533,6.03000020980835,12962409738.116943,,,,,,,,,
669,Saudi Arabia,SAU,2019,35827362.0,803616264791.024,-2.09333333333333,5.6399998664856,100248423568.469,,,,,,,,,
670,Saudi Arabia,SAU,2020,35997107.0,703367841222.555,3.44545825956691,7.65999984741211,-130173395346.75989,362741.0,6223.0,10.142561112928414,0.1740006169849934,0.0,68.85752727272727,65.2856,65.85443636363637,61.31818181818182
671,Saudi Arabia,SAU,2021,35950396.0,833541236569.315,3.06328988941548,6.61999988555908,,556236.0,8877.0,15.392614530368435,0.2456515565085334,63.67,53.47643835616439,59.682136986301366,62.46027397260274,40.23972602739726
672,Senegal,SEN,2018,15574909.0,23116897847.0474,0.46098564246427,3.5699999332428,-281913576.5305977,,,,,,,,,
673,Senegal,SEN,2019,16000781.0,23398811423.578,1.75856517595659,2.85999989509583,-1094346159.6502,,,,,,,,,
676,Serbia,SRB,2018,6982604.0,50640650221.4622,1.95984076293803,12.7299995422363,-873572160.3806,,,,,,,,,
677,Serbia,SRB,2019,6945235.0,51514222381.8428,1.8492298451109,10.3900003433228,-1842258071.9620056,,,,,,,,,
678,Serbia,SRB,2020,6899126.0,53356480453.8048,1.57553290083409,9.01000022888184,-9725567196.047997,337923.0,3211.0,46.08912831600233,0.4379464878764791,0.0,58.724945454545455,53.69527272727273,53.99625454545454,51.59090909090909
679,Serbia,SRB,2021,6834326.0,63082047649.8528,4.08510285335103,10.0600004196167,,1299339.0,12714.0,178.93310157512312,1.7508559763280525,46.68,44.48446575342466,57.362986301369865,55.71487671232877,68.9041095890411
680,Seychelles,SYC,2018,96762.0,1636312009.83387,3.70291839111564,3.52999997138977,-48061480.364439964,,,,,,,,,
681,Seychelles,SYC,2019,97625.0,1684373490.19831,2.07476436485001,2.97000002861023,423174966.08738995,,,,,,,,,
682,Seychelles,SYC,2020,98462.0,1261198524.11092,8.27685811437228,4.30999994277954,-193259659.74889016,226.0,0.0,2.1309898730835237,0.0,0.0,37.333636363636366,39.03785454545454,39.25436363636364,37.5
684,Sierra Leone,SLE,2018,7861281.0,4085114794.22324,16.0295447693699,3.19000005722046,8536251.661170006,,,,,,,,,
689,Singapore,SGP,2019,5703569.0,375472731271.075,0.565260568780358,3.09999990463257,30176797372.401,,,,,,,,,
690,Singapore,SGP,2020,5685807.0,345295933898.674,-0.181916666666656,4.09999990463257,-51690965989.677,58599.0,29.0,9.888090553506284,0.0048935071597071,0.0,60.35461818181818,66.66705454545455,63.115781818181816,91.54545454545456
691,Singapore,SGP,2021,5453566.0,396986899888.351,2.30485959040487,3.53999996185303,,279405.0,828.0,46.91229756841157,0.1390217869638867,83.1,49.17161643835616,69.32071232876713,64.93791780821918,100.0
692,Slovakia,SVK,2018,5446771.0,106137924015.593,2.51403712883808,6.53999996185303,417569027.05200195,,,,,,,,,
693,Slovakia,SVK,2019,5454147.0,105720354988.541,2.66456133425443,5.76000022888184,-976473637.0090027,,,,,,,,,
694,Slovakia,SVK,2020,5458827.0,106696828625.55,1.9369412669422,6.71999979019165,-9830272472.149994,,,,,,,,,
695,Slovakia,SVK,2021,5447247.0,116527101097.7,3.14960629921263,6.8899998664856,,,,,,,,,,
696,Slovenia,SVN,2018,2073894.0,54177882425.8431,1.73860861988181,5.13000011444092,-153706056.4626999,,,,,,,,,
697,Slovenia,SVN,2019,2088385.0,54331588482.3058,1.63052260754338,4.44999980926514,624788438.6216049,,,,,,,,,
698,Slovenia,SVN,2020,2102419.0,53706800043.6842,-0.0548568157606067,4.98999977111816,-8041786491.183006,122152.0,2697.0,57.64524334247273,1.27275215546736,0.0,61.37796363636363,60.0084,58.827709090909096,68.27272727272727
699,Slovenia,SVN,2021,2108079.0,61748586534.8672,1.91706506089267,4.73999977111816,,464048.0,5589.0,218.91235401259277,2.636583169362611,56.09,54.59109589041096,61.13304109589041,60.18054794520548,67.8082191780822
705,Somalia,SOM,2019,15981300.0,6485000000.0,,18.8299999237061,-398000000.0,,,,,,,,,
708,South Africa,ZAF,2018,57339635.0,404159690890.846,4.51716522786587,24.2199993133545,15627736780.242004,,,,,,,,,
709,South Africa,ZAF,2019,58087055.0,388531954110.604,4.12024587014984,25.5400009155273,50912273972.109985,,,,,,,,,
710,South Africa,ZAF,2020,58801927.0,337619680138.494,3.21003597454107,24.3400001525879,-81395338233.393,1057161.0,28469.0,17.876258651205806,0.4814017992918562,0.0,67.70018181818182,68.77996363636363,69.65654545454545,62.63636363636363
711,South Africa,ZAF,2021,59392255.0,419015018371.887,4.61167217803201,28.7700004577637,,3458286.0,91145.0,57.97940543331746,1.5280786228263712,26.44,52.71443835616439,61.93958904109589,62.44054794520548,58.42465753424658
716,Spain,ESP,2018,46797754.0,1421702715218.04,1.67498136863794,15.25,27382660088.630127,,,,,,,,,
717,Spain,ESP,2019,47134837.0,1394320055129.41,0.699518994458693,14.1000003814697,117357369481.15991,,,,,,,,,
718,Spain,ESP,2020,47365655.0,1276962685648.25,-0.322753017299705,15.5299997329712,-150417995646.30005,1928265.0,50837.0,40.6827045892139,1.0725634978604428,0.0,67.84949090909092,62.69436363636364,59.19545454545455,87.18181818181819
719,Spain,ESP,2021,47415750.0,1427380681294.55,3.09313511976406,14.7799997329712,,6294745.0,89405.0,132.30866855514552,1.879195505484779,79.63,55.43775342465753,61.97139726027397,58.32334246575343,87.5
720,Sri Lanka,LKA,2018,21670000.0,94493847351.6433,2.13503773713198,4.32000017166138,5478856559.73819,,,,,,,,,
721,Sri Lanka,LKA,2019,21803000.0,89014990791.9051,3.52839358231809,4.67000007629395,3665878620.945709,,,,,,,,,
722,Sri Lanka,LKA,2020,21919000.0,85349112170.9594,6.15394508391743,5.3600001335144,-3578151553.899811,43299.0,204.0,1.9910335206281584,0.009380605515327,0.0,55.95309090909091,55.74636363636364,57.39807272727273,44.18181818181818
736,Sweden,SWE,2018,10175214.0,555455371487.089,1.95353530127029,6.3600001335144,21575842298.63501,,,,,,,,,
737,Sweden,SWE,2019,10278887.0,533879529188.454,1.78415097403832,6.82999992370605,-13174645047.421997,,,,,,,,,
738,Sweden,SWE,2020,10353442.0,547054174235.876,0.497367318853562,8.28999996185303,-88609626965.88904,437379.0,8727.0,41.98895504978868,0.8378033941261601,0.0,60.6596,53.4132,53.830290909090905,50.5
739,Sweden,SWE,2021,10415811.0,635663801201.765,2.16319736447149,8.72000026702881,,1314784.0,15310.0,125.00716651189536,1.4556457329090695,69.19,46.20890410958904,47.21010958904109,48.079068493150686,41.13013698630137
740,Switzerland,CHE,2018,8514329.0,725568717468.001,0.936335464113605,4.71000003814697,4199604741.2769775,,,,,,,,,
741,Switzerland,CHE,2019,8575280.0,721369112726.724,0.362886179940635,4.3899998664856,-18544507070.720947,,,,,,,,,
742,Switzerland,CHE,2020,8638167.0,739913619797.445,-0.725874933313391,4.82000017166138,-60726535589.81506,452296.0,7873.0,52.16315228303748,0.907990559112515,0.0,50.45963636363636,51.40058181818182,52.90661818181818,40.86363636363637
743,Switzerland,CHE,2021,8703405.0,800640155387.26,0.581814168489875,5.09999990463257,,1332615.0,12217.0,152.96283823105048,1.4023157436084268,66.71,48.594684931506855,55.28493150684932,57.82463013698631,37.5
754,"Tanzania, United Republic of",TZA,2020,61704518.0,62409709110.9538,3.29029062798326,2.77999997138977,-5431340082.431702,,,,,,,,,
756,Thailand,THA,2018,71127802.0,506754616189.315,1.06389754183022,0.769999980926514,-37326439995.38202,,,,,,,,,
757,Thailand,THA,2019,71307763.0,544081056184.697,0.70672860131428,0.720000028610229,44399299153.729004,,,,,,,,,
758,Thailand,THA,2020,71475664.0,499681757030.968,-0.845937147357037,1.10000002384186,-6265280067.455994,6884.0,61.0,0.0961963657924102,0.0008524082384278,0.0,57.33290909090909,57.52309090909091,52.531090909090906,92.45454545454544
759,Thailand,THA,2021,71601103.0,505947037098.424,1.23039541318382,1.21000003814697,,2223435.0,21698.0,31.03611404153232,0.3028744273941753,64.6,55.54205479452055,57.871753424657534,56.03994520547945,70.68493150684931
763,Timor-Leste,TLS,2021,1320942.0,3621222382.15929,,2.33999991416931,,19837.0,122.0,14.896579276205124,0.091615802374201,39.74,58.471589041095896,55.79019178082192,57.65438356164383,42.73972602739726
768,Tonga,TON,2018,105150.0,488903272.859878,5.03209691984875,2.25,-23154476.160766006,,,,,,,,,
771,Tonga,TON,2021,106017.0,469231309.539488,5.64051140636751,2.10999989509583,,1.0,0.0,0.0093985845731632,0.0,52.99,46.01542465753425,36.556493150684936,41.78128767123288,0.0
773,Trinidad and Tobago,TTO,2019,1519955.0,23849557811.8957,1.00054293027224,3.51999998092651,2790128960.407398,,,,,,,,,
774,Trinidad and Tobago,TTO,2020,1518147.0,21059428851.4883,0.598986330824747,4.21000003814697,-3400767419.1982994,7150.0,127.0,4.696550301695882,0.0834212431210317,0.0,72.77450909090908,61.86890909090909,66.80567272727274,27.318181818181817
775,Trinidad and Tobago,TTO,2021,1525663.0,24460196270.6866,2.05922746915452,4.44999980926514,,91899.0,2869.0,60.10666269003461,1.8764732506089217,43.68,72.47964383561644,64.45079452054794,70.31189041095891,23.42465753424657
776,Tunisia,TUN,2018,11933041.0,42685972269.4473,7.3075917603165,15.460000038147,779858583.5149002,,,,,,,,,
777,Tunisia,TUN,2019,12049314.0,41906113685.9324,6.72007532863804,15.1300001144409,-631718770.332695,,,,,,,,,
780,Turkey,TUR,2018,82809304.0,778471900960.981,16.3324638988929,10.8900003433228,18534510464.31201,,,,,,,,,
781,Turkey,TUR,2019,83481684.0,759937390496.669,15.1768215720023,13.6700000762939,39648022163.477905,,,,,,,,,
782,Turkey,TUR,2020,84135428.0,720289368333.191,12.2789574462574,13.1099996566772,-98745814596.39392,2208652.0,20881.0,26.15052806460077,0.2472318756041824,0.0,65.87243636363637,65.96752727272727,63.94465454545454,80.13636363636364
783,Turkey,TUR,2021,84775404.0,819035182929.585,19.5964926913323,11.9700002670288,,9482550.0,82361.0,111.43927629171247,0.9679095005733408,60.47,55.527232876712326,55.9507397260274,59.43380821917808,31.575342465753423
799,Uganda,UGA,2021,45853778.0,40529789025.5702,2.20457204757416,12.2799997329712,,140737.0,3294.0,3.0211318228797635,0.0707106746951117,2.98,63.78145205479452,54.79298630136986,61.1618904109589,10.205479452054794
800,Ukraine,UKR,2018,44622518.0,130891049796.879,10.9518559353179,8.80000019073486,-22991932219.402008,,,,,,,,,
801,Ukraine,UKR,2019,44386203.0,153882982016.281,7.8867174561113,8.1899995803833,-2734879432.294983,,,,,,,,,
802,Ukraine,UKR,2020,44132049.0,156617861448.576,2.7324920941942,9.47999954223633,-43467676295.778015,1086997.0,19281.0,24.85778199367737,0.4409238430465708,0.0,64.59145454545455,60.36869090909091,63.63487272727273,37.5
803,Ukraine,UKR,2021,43792855.0,200085537744.354,9.36313917695229,9.82999992370605,,3847226.0,102088.0,88.78035465933561,2.35582958902395,34.65,55.13791780821918,55.798986301369865,58.56060273972602,36.47260273972603
804,United Arab Emirates,ARE,2018,9140169.0,427049432149.345,3.06863379251994,2.24000000953674,9059710414.850952,,,,,,,,,
805,United Arab Emirates,ARE,2019,9211657.0,417989721734.494,-1.93108114782171,2.32999992370605,68516706397.55499,,,,,,,,,
806,United Arab Emirates,ARE,2020,9287289.0,349473015336.939,-2.0794031794094,4.28999996185303,-65548575346.066956,207822.0,669.0,22.281695734160976,0.0717270281594523,0.0,61.68196363636364,59.3886909090909,60.72821818181818,50.0
807,United Arab Emirates,ARE,2021,9365145.0,415021590683.006,,3.10999989509583,,761937.0,2164.0,81.0290174865932,0.2301329294167204,95.96,51.08317808219178,57.52205479452054,60.26997260273973,38.28767123287671
808,United Kingdom,GBR,2018,66460344.0,2878152147315.82,2.29283990345939,4.0,21094299362.799805,,,,,,,,,
809,United Kingdom,GBR,2019,66836327.0,2857057847953.02,1.73810460086511,3.74000000953674,152448687864.87012,,,,,,,,,
812,United States of America,USA,2018,326838199.0,20533057312000.0,2.44258329692818,3.90000009536743,-847918807000.0,,,,,,,,,
813,United States of America,USA,2019,328329953.0,21380976119000.0,1.81221007526015,3.67000007629395,320502506000.0,,,,,,,,,
814,United States of America,USA,2020,331501080.0,21060473613000.0,1.23358439630637,8.05000019073486,-2254606947000.0,,,,,,,,,
815,United States of America,USA,2021,331893745.0,23315080560000.0,4.69785886363739,5.34999990463257,,,,,,,,,,
816,Uruguay,URY,2018,3427042.0,64515038268.1373,7.60653360377044,8.34000015258789,3283888387.5515976,,,,,,,,,
817,Uruguay,URY,2019,3428409.0,61231149880.5857,7.88198870879622,8.72999954223633,7670394833.969498,,,,,,,,,
818,Uruguay,URY,2020,3429086.0,53560755046.6162,9.75640636078191,10.3299999237061,-5758729664.036499,19119.0,181.0,5.57421174132672,0.0527711870484929,0.0,49.68010909090909,53.33592727272727,50.026,76.5
819,Uruguay,URY,2021,3426260.0,59319484710.6527,7.74791402314763,9.28999996185303,,413383.0,6170.0,120.77980095348092,1.802714121971579,78.27,56.92843835616439,59.29945205479452,60.7598904109589,49.07534246575342
820,Uzbekistan,UZB,2018,32956100.0,52633143808.1824,17.5241796514055,9.35000038146973,-7274530219.285194,,,,,,,,,
821,Uzbekistan,UZB,2019,33580350.0,59907674027.4676,14.5257359560686,8.97999954223633,13368674.572097778,,,,,,,,,
822,Uzbekistan,UZB,2020,34232050.0,59894305352.8955,12.8677297362606,5.28999996185303,-9344597753.278297,77060.0,614.0,2.279217446986604,0.0181603881709028,0.0,60.79658181818182,56.17792727272728,57.058,50.0
825,Vanuatu,VUT,2019,304404.0,936526267.622513,2.76252019386107,5.44000005722046,39646392.42750502,,,,,,,,,
830,Venezuela (Bolivarian Republic),VEN,2020,28490453.0,,,7.53000020980835,,,,,,,,,,
832,Viet Nam,VNM,2018,94914330.0,310106472642.968,3.53962805942641,1.1599999666214,-24258784793.789978,,,,,,,,,
833,Viet Nam,VNM,2019,95776716.0,334365257436.758,2.79582367452244,1.67999994754791,-12250493227.625977,,,,,,,,,
834,Viet Nam,VNM,2020,96648685.0,346615750664.384,3.22093436652514,2.09999990463257,-19521839936.315002,,,,,,,,,
835,Viet Nam,VNM,2021,97468029.0,366137590600.699,1.83471554810462,2.38000011444092,,,,,,,,,,
844,Zambia,ZMB,2018,17835893.0,26311590296.7021,7.49457192728511,5.03000020980835,3002922515.4762993,,,,,,,,,
845,Zambia,ZMB,2019,18380477.0,23308667781.2258,9.15031644316299,5.53999996185303,5198036422.914398,,,,,,,,,
846,Zambia,ZMB,2020,18927715.0,18110631358.3114,15.7325851421273,6.03000020980835,-4037003369.046997,20725.0,388.0,1.0793982993786833,0.0202077944588144,0.0,47.74312727272727,43.44101818181819,46.07832727272727,25.0
847,Zambia,ZMB,2021,19473125.0,22147634727.3584,22.0212342935964,5.19999980926514,,254274.0,3734.0,12.877411824263037,0.1891040993251303,6.08,41.46079452054795,40.14317808219178,43.3686301369863,17.568493150684933
849,Zimbabwe,ZWE,2019,15354608.0,21832234925.5021,255.304990757856,7.36999988555908,322536519.3905029,,,,,,,,,
