,country,ISO,year,population,GDP,inflation,unemployment
0,Afghanistan,AFG,2021,40099462,14786861638.4535,,5.57999992370605
1,Afghanistan,AFG,2020,38972230,20143442150.971,,11.710000038147
2,Afghanistan,AFG,2019,37769499,18904490262.913,2.30237251516844,
3,Afghanistan,AFG,2018,36686784,18418848299.5825,0.626149149168811,
4,Albania,ALB,2021,2811666,18255787479.1846,2.04147163139546,
5,Albania,ALB,2020,2837849,15131866270.5936,1.62088661717004,
6,Albania,ALB,2019,2854191,15401830754.0773,1.41109078954248,11.4700002670288
7,Albania,ALB,2018,2866376,15156432309.8977,2.02805963071136,12.3000001907349
8,Algeria,DZA,2021,44177969,163044443983.759,7.22606307415476,
9,Algeria,DZA,2020,43451666,145009181490.62,2.41513094083414,
10,Algeria,DZA,2019,42705368,171767403748.19,1.95176821052894,
11,Algeria,DZA,2018,41927007,174910878623.049,4.26999020467078,
12,American Samoa,ASM,2021,45035,709000000.0,,
13,American Samoa,ASM,2020,46189,716000000.0,,
14,American Samoa,ASM,2019,47321,647000000.0,,
15,American Samoa,ASM,2018,48424,639000000.0,,
16,Andorra,AND,2021,79034,3330281523.53915,,
17,Andorra,AND,2020,77700,2891022272.98687,,
18,Andorra,AND,2019,76343,3155065487.51819,,
19,Andorra,AND,2018,75013,3218316013.22626,,
20,Angola,AGO,2021,34503774,67404287260.3199,25.7542656453085,
21,Angola,AGO,2020,33428486,53619073505.1377,22.2715643068877,
22,Angola,AGO,2019,32353588,69309110145.7687,17.0797044074954,
23,Angola,AGO,2018,31273533,77792944471.9494,19.6305943641961,
24,Antigua and Barbuda,ATG,2021,93219,1471125925.92593,2.06299638545331,
25,Antigua and Barbuda,ATG,2020,92664,1370281481.48148,0.625989707046698,
26,Antigua and Barbuda,ATG,2019,92117,1687533333.33333,1.43135598182989,
27,Antigua and Barbuda,ATG,2018,91626,1605944444.44444,1.20715793367003,
28,Argentina,ARG,2021,45808747,487227339102.67,,8.73999977111816
29,Argentina,ARG,2020,45376763,385540224628.292,,11.460000038147
30,Argentina,ARG,2019,44938712,447754609218.678,,9.84000015258789
31,Argentina,ARG,2018,44494502,524819742918.669,,9.22000026702881
32,Armenia,ARM,2021,2790974,13861409968.835,7.18483629443373,
33,Armenia,ARM,2020,2805608,12641697523.2966,1.21143577838465,12.1800003051758
34,Armenia,ARM,2019,2820602,13619291361.2814,1.44344660770702,12.1999998092651
35,Armenia,ARM,2018,2836557,12457941907.0333,2.52023382001631,13.210000038147
36,Aruba,ABW,2021,106537,3126019399.06492,,
37,Aruba,ABW,2020,106585,2610038937.56355,,
38,Aruba,ABW,2019,106442,3368970253.05286,4.25746204335428,
39,Aruba,ABW,2018,105962,3202234636.87151,3.62604141352956,
40,Australia,AUS,2021,25688079,1552667363236.06,2.86391042204995,5.11999988555908
41,Australia,AUS,2020,25655289,1326901059123.21,0.846905537459293,6.46000003814697
42,Australia,AUS,2019,25340217,1392227864397.08,1.61076787290379,5.15999984741211
43,Australia,AUS,2018,24966643,1428288504767.07,1.91140094445692,5.30000019073486
44,Austria,AUT,2021,8955797,480368403893.364,2.76666666666665,6.46000003814697
45,Austria,AUT,2020,8916864,435225238000.437,1.38191063351859,5.19999980926514
46,Austria,AUT,2019,8879920,444621176100.548,1.53089564152645,4.55999994277954
47,Austria,AUT,2018,8840521,454991174096.102,1.99837981429546,4.92999982833862
48,Azerbaijan,AZE,2021,10137750,54622176470.5882,6.65029912708779,5.94999980926514
49,Azerbaijan,AZE,2020,10093121,42693000000.0,2.75980947008126,7.15999984741211
50,Azerbaijan,AZE,2019,10024283,48174235294.1176,2.61057182799216,4.84999990463257
51,Azerbaijan,AZE,2018,9939771,47112941176.4706,2.26854690374005,4.94000005722046
52,Bahamas,BHS,2021,407906,11208600000.0,2.90491262928479,
53,Bahamas,BHS,2020,406471,9699500000.0,0.0385210980053727,
54,Bahamas,BHS,2019,404557,13192800000.0,2.49123527368055,
55,Bahamas,BHS,2018,401906,12755800000.0,2.26586346678726,10.0
56,Bahrain,BHR,2021,1463265,38868663031.9149,-0.606319385140896,
57,Bahrain,BHR,2020,1477469,34723357446.8085,-2.31770629331374,
58,Bahrain,BHR,2019,1494188,38653318085.1064,1.00582004702132,
59,Bahrain,BHR,2018,1487340,37802005319.1489,2.08766938046983,
60,Bangladesh,BGD,2021,169356251,416264942893.326,5.54565430773474,
61,Bangladesh,BGD,2020,167420951,373902134700.41,5.6910747474621,
62,Bangladesh,BGD,2019,165516222,351238474244.667,5.59199639930633,
63,Bangladesh,BGD,2018,163683958,321379023557.462,5.5436213948647,
64,Barbados,BRB,2021,281200,4843800000.0,,
65,Barbados,BRB,2020,280693,4671800000.0,,
66,Barbados,BRB,2019,280180,5324250000.0,4.10028964518463,8.40999984741211
67,Barbados,BRB,2018,279688,5097283200.0,3.67381410406798,8.31999969482422
68,Belarus,BLR,2021,9340314,68205380706.6609,9.46028389623105,3.90000009536743
69,Belarus,BLR,2020,9379952,61371126414.1663,5.54814357456511,4.05000019073486
70,Belarus,BLR,2019,9419758,64409647193.8044,5.59815595039851,4.15999984741211
71,Belarus,BLR,2018,9438785,60031262269.3365,4.87230220550689,4.76000022888184
72,Belgium,BEL,2021,11592952,594104177539.525,2.44024851144081,6.26000022888184
73,Belgium,BEL,2020,11538604,525211810652.608,0.740791812220385,5.55000019073486
74,Belgium,BEL,2019,11488980,535830876745.097,1.43681956996435,5.3600001335144
75,Belgium,BEL,2018,11427054,543299066998.902,2.05316499865181,5.94999980926514
76,Belize,BLZ,2021,400031,2491500000.0,3.23563659237067,10.1599998474121
77,Belize,BLZ,2020,394921,2080000000.0,0.12143464461496,
78,Belize,BLZ,2019,389095,2416500000.0,0.187069385181357,9.05000019073486
79,Belize,BLZ,2018,382066,2315000000.0,0.269982622646432,
80,Benin,BEN,2021,12996895,17144918952.4682,1.73353962694033,
81,Benin,BEN,2020,12643123,15651545208.8783,3.02272119663756,
82,Benin,BEN,2019,12290444,14391686309.033,-0.70502663454275,
83,Benin,BEN,2018,11940683,14262408079.7014,0.644803622440778,1.47000002861023
84,Bermuda,BMU,2021,63867,7286607000.0,,
85,Bermuda,BMU,2020,63893,6887147000.0,,
86,Bermuda,BMU,2019,63911,7423465000.0,,
87,Bermuda,BMU,2018,63918,7225977000.0,,
88,Bhutan,BTN,2021,777486,2539552984.67797,7.34683859830958,4.80000019073486
89,Bhutan,BTN,2020,772506,2325184481.4277,5.62999177986902,5.03000020980835
90,Bhutan,BTN,2019,767459,2535657069.05537,2.72582104307304,2.72000002861023
91,Bhutan,BTN,2018,762096,2446866404.93058,2.72396386183716,3.34999990463257
92,Bolivia,BOL,2021,12079472,40408208528.1599,0.737383721452315,5.09000015258789
93,Bolivia,BOL,2020,11936162,36629843805.0216,0.940742153381823,7.90000009536743
94,Bolivia,BOL,2019,11777315,40895322843.7851,1.83954504969032,3.6800000667572
95,Bolivia,BOL,2018,11606905,40287647930.4761,2.27205987230148,3.51999998092651
96,Bosnia and Herzegovina,BIH,2021,3270943,23365361635.2201,1.98163900587616,14.8999996185303
97,Bosnia and Herzegovina,BIH,2020,3318407,19950471170.6465,-1.05129600763481,15.8699998855591
98,Bosnia and Herzegovina,BIH,2019,3360711,20202479537.5193,0.562782154061303,15.6899995803833
99,Bosnia and Herzegovina,BIH,2018,3400129,20183510863.0054,1.41710814018026,18.3999996185303
100,Botswana,BWA,2021,2588423,17614791265.6824,7.24097765588449,
101,Botswana,BWA,2020,2546402,14930072458.5814,1.89035916824198,21.0200004577637
102,Botswana,BWA,2019,2499702,16695928792.5697,2.7728644286333,20.0900001525879
103,Botswana,BWA,2018,2451409,17031901441.1765,3.2380155894771,
104,Brazil,BRA,2021,214326223,1608981456325.08,8.30165975585676,13.1599998474121
105,Brazil,BRA,2020,213196304,1448559976218.19,3.21176803803379,13.6999998092651
106,Brazil,BRA,2019,211782878,1873274432754.47,3.73297621216894,11.9399995803833
107,Brazil,BRA,2018,210166592,1916947014067.55,3.66485028376724,12.3299999237061
108,British Virgin Islands,VGB,2021,31122,,,
109,British Virgin Islands,VGB,2020,30910,,,
110,British Virgin Islands,VGB,2019,30610,,,
111,British Virgin Islands,VGB,2018,30335,,,
112,Brunei Darussalam,BRN,2021,445373,14006569575.68,1.73341388450597,4.90999984741211
113,Brunei Darussalam,BRN,2020,441725,12005825759.223,1.94031996607178,7.40999984741211
114,Brunei Darussalam,BRN,2019,438048,13469422958.5105,-0.390522069165492,6.59999990463257
115,Brunei Darussalam,BRN,2018,434274,13567351175.0315,1.02505179290213,8.69999980926514
116,Bulgaria,BGR,2021,6877743,84056312734.3089,3.29774435299511,5.26999998092651
117,Bulgaria,BGR,2020,6934015,70240275010.1964,1.67244096855762,5.11999988555908
118,Bulgaria,BGR,2019,6975761,68915875214.6537,3.10372944796774,4.23000001907349
119,Bulgaria,BGR,2018,7025037,66363537115.2686,2.81454473824833,5.21000003814697
120,Burkina Faso,BFA,2021,22100683,19737615114.3661,3.65353287214207,
121,Burkina Faso,BFA,2020,21522626,17933606353.1775,1.88443993781985,
122,Burkina Faso,BFA,2019,20951639,16178162030.0694,-3.23338933983321,
123,Burkina Faso,BFA,2018,20392723,15890065019.7634,1.95594302672532,4.69000005722046
124,Burundi,BDI,2021,12551213,2779813489.02447,8.4045384507634,
125,Burundi,BDI,2020,12220227,2649671998.86192,7.32110643415513,1.02999997138977
126,Burundi,BDI,2019,11874838,2576518846.39,-0.686772170797229,
127,Burundi,BDI,2018,11493472,2660123597.70762,-2.8146980766847,
128,Cambodia,KHM,2021,16589023,26961061119.7957,2.9207347759295,
129,Cambodia,KHM,2020,16396860,25872798012.1938,2.94029514263973,
130,Cambodia,KHM,2019,16207746,27089389786.979,1.94257500833109,0.5
131,Cambodia,KHM,2018,16025238,24571753583.4922,2.45908515380133,
132,Cameroon,CMR,2021,27198628,45338283344.8175,2.27185762503631,
133,Cameroon,CMR,2020,26491087,40773241531.2395,2.43760882182242,
134,Cameroon,CMR,2019,25782341,39670977332.7348,2.45280214062733,
135,Cameroon,CMR,2018,25076747,39973839064.6084,1.0742994515814,
136,Canada,CAN,2021,38246108,1988336331717.42,3.39519318527532,7.46000003814697
137,Canada,CAN,2020,38037204,1645423407568.36,0.716999632307852,9.46000003814697
138,Canada,CAN,2019,37601230,1742015045482.31,1.94926902411596,5.65999984741211
139,Canada,CAN,2018,37065084,1725329192783.02,2.268225672481,5.82999992370605
140,Cape Verde,CPV,2021,587925,1936174043.45293,1.86215297494637,
141,Cape Verde,CPV,2020,582640,1703698676.69742,0.60579580839551,
142,Cape Verde,CPV,2019,577030,1981845740.70615,1.1066667429606,11.289999961853
143,Cape Verde,CPV,2018,571202,1966501117.61028,1.25699566690509,12.1700000762939
144,Cayman Islands ,CYM,2021,68136,5898449687.97711,,
145,Cayman Islands ,CYM,2020,67311,5608989199.56798,,
146,Cayman Islands ,CYM,2019,66134,5943589103.56414,,
147,Cayman Islands ,CYM,2018,64884,5530377535.1014,,
148,Central African Republic,CAF,2021,5457154,2516498299.01212,4.25936417542871,
149,Central African Republic,CAF,2020,5343020,2326720920.59223,1.71015659523149,
150,Central African Republic,CAF,2019,5209324,2221301400.72468,2.68537355266785,
151,Central African Republic,CAF,2018,5094780,2220978978.17342,1.61215686991555,
152,Chad,TCD,2021,17179740,11779980801.7843,-0.772844370359128,
153,Chad,TCD,2020,16644701,10715396135.4168,4.46414437232863,
154,Chad,TCD,2019,16126866,11314951342.7807,-0.971939175419353,
155,Chad,TCD,2018,15604210,11239167048.4916,4.27462198610544,1.12999999523163
156,Chile,CHL,2021,19493184,317058508651.76,4.52456838259136,9.27999973297119
157,Chile,CHL,2020,19300315,252727193710.018,3.04549084804331,10.9399995803833
158,Chile,CHL,2019,19039485,278584733103.01,2.55754475703323,7.26999998092651
159,Chile,CHL,2018,18701450,295402652037.155,2.43488981353058,7.21000003814697
160,China,CHN,2021,1412360000,17734062645371.4,0.981015135544851,5.1100001335144
161,China,CHN,2020,1411100000,14687673892882.0,2.4194218945778,5.6100001335144
162,China,CHN,2019,1407745000,14279937500606.5,2.89923416358227,5.15000009536743
163,China,CHN,2018,1402760000,13894817549374.2,2.07479039965578,4.92999982833862
164,"Hong Kong, SAR China",HKG,2021,7413100,369176400967.427,1.56875834445927,5.17000007629395
165,"Hong Kong, SAR China",HKG,2020,7481000,344932192028.051,0.250962021080809,5.80999994277954
166,"Hong Kong, SAR China",HKG,2019,7507900,363052489184.395,2.8832085377399,2.92000007629395
167,"Hong Kong, SAR China",HKG,2018,7452600,361731070995.726,2.40613432046539,2.80999994277954
168,"Macao, SAR China",MAC,2021,686607,30123914808.5691,,
169,"Macao, SAR China",MAC,2020,676283,25459563655.4806,0.81141051149158,2.5699999332428
170,"Macao, SAR China",MAC,2019,663653,55204758069.5124,2.75193081051976,1.75
171,"Macao, SAR China",MAC,2018,650991,55284360483.1217,3.00446293166949,1.83000004291534
172,Colombia,COL,2021,51516562,314464137241.33,3.49505757399453,13.8999996185303
173,Colombia,COL,2020,50930662,270299984937.97,2.52663500084712,15.5699996948242
174,Colombia,COL,2019,50187406,323109540251.855,3.52301932741443,10.2799997329712
175,Colombia,COL,2018,49276961,334198218100.719,3.24056932930567,9.35999965667725
176,Comoros,COM,2021,821625,1296089632.60039,,
177,Comoros,COM,2020,806166,1225039230.74083,,
178,Comoros,COM,2019,790986,1195019559.09381,,
179,Comoros,COM,2018,776313,1188797574.94753,,
180,Congo (Brazzaville),COG,2021,5835806,13366230219.5352,1.71564275451263,
181,Congo (Brazzaville),COG,2020,5702174,10483151175.8451,1.79537147083111,
182,Congo (Brazzaville),COG,2019,5570733,12750339022.9915,2.20607305781519,
183,Congo (Brazzaville),COG,2018,5441062,13670036996.0023,1.15277896375521,
184,"Congo, (Kinshasa)",COD,2021,95894118,55350968593.0597,,
185,"Congo, (Kinshasa)",COD,2020,92853164,48716960860.0664,,1.47000002861023
186,"Congo, (Kinshasa)",COD,2019,89906890,51775830725.8441,,
187,"Congo, (Kinshasa)",COD,2018,87087355,47568210068.5136,,
188,Costa Rica,CRI,2021,5153957,64282438666.739,1.72647755109235,15.1400003433228
189,Costa Rica,CRI,2020,5123105,62158002233.0279,0.724911478131358,16.4300003051758
190,Costa Rica,CRI,2019,5084532,64417670082.6127,2.09604635327805,10.8100004196167
191,Costa Rica,CRI,2018,5040734,62420165099.7231,2.22111461526584,9.01000022888184
192,C么te d'Ivoire,CIV,2021,27478249,70043191477.0454,4.09195189692858,
193,C么te d'Ivoire,CIV,2020,26811790,61348579465.1017,2.42500656821829,
194,C么te d'Ivoire,CIV,2019,26147551,58539424929.7248,-1.10686343994202,2.40000009536743
195,C么te d'Ivoire,CIV,2018,25493988,58011466450.8643,0.359409031380664,
196,Croatia,HRV,2021,3899000,68955083280.1922,2.55450699642046,7.6100001335144
197,Croatia,HRV,2020,4047680,57472012426.6853,0.154811374562028,7.51000022888184
198,Croatia,HRV,2019,4065253,62327983579.5899,0.771820346498083,6.61999988555908
199,Croatia,HRV,2018,4087843,62316840749.9705,1.50012501041753,8.43000030517578
200,Cuba,CUB,2021,11256372,,,
201,Cuba,CUB,2020,11300698,107352000000.0,,
202,Cuba,CUB,2019,11316697,103428000000.0,,
203,Cuba,CUB,2018,11328244,100050000000.0,,1.70000004768372
204,Cyprus,CYP,2021,1244188,28407867534.0035,2.44608867175472,7.51000022888184
205,Cyprus,CYP,2020,1237537,25008448886.3507,-0.638422797978907,7.76000022888184
206,Cyprus,CYP,2019,1228836,25944504645.6957,0.250370996758456,7.15000009536743
207,Cyprus,CYP,2018,1218831,25596474964.5725,1.43549119531762,8.5
208,Czech Republic,CZE,2021,10505772,281777887121.451,3.8398449150015,2.79999995231628
209,Czech Republic,CZE,2020,10697858,245974558654.043,3.16129528497808,2.54999995231628
210,Czech Republic,CZE,2019,10671870,252548179964.897,2.84787595918047,2.01999998092651
211,Czech Republic,CZE,2018,10629928,249000540729.179,2.14949494949492,2.25
212,Denmark,DNK,2021,5856733,398303272764.46,1.85304543989687,5.05999994277954
213,Denmark,DNK,2020,5831404,355222449505.211,0.420711974110026,5.6399998664856
214,Denmark,DNK,2019,5814422,346498737961.635,0.758131572511619,5.01999998092651
215,Denmark,DNK,2018,5793636,356841216410.068,0.813609467455633,5.13000011444092
216,Djibouti,DJI,2021,1105557,3482987379.0942,,
217,Djibouti,DJI,2020,1090156,3181071153.6622,1.77740783806174,
218,Djibouti,DJI,2019,1073994,3088853638.56832,3.31925372703833,
219,Djibouti,DJI,2018,1057198,2913466732.12507,0.147970849877116,
220,Dominica,DMA,2021,72412,554181481.481481,,
221,Dominica,DMA,2020,71995,504214814.814815,-0.727116412668306,
222,Dominica,DMA,2019,71428,611537037.037037,1.50462353858147,
223,Dominica,DMA,2018,70823,554770370.37037,0.989191119189815,
224,Dominican Republic,DOM,2021,11117873,94243453937.4462,8.24300347981817,7.69999980926514
225,Dominican Republic,DOM,2020,10999664,78844702329.0785,3.78103179915516,6.13000011444092
226,Dominican Republic,DOM,2019,10881882,88941299733.5018,1.8106037704296,6.17999982833862
227,Dominican Republic,DOM,2018,10765531,85555378042.8196,3.56443426013507,5.8600001335144
228,Ecuador,ECU,2021,17797737,106165866000.0,0.133251386096455,4.5
229,Ecuador,ECU,2020,17588595,99291124000.0,-0.338872392562274,6.1100001335144
230,Ecuador,ECU,2019,17343740,108108009000.0,0.266012515466136,3.80999994277954
231,Ecuador,ECU,2018,17015672,107562008000.0,-0.224103246005465,3.52999997138977
232,Egypt,EGY,2021,109262178,404142766093.053,5.21404940513043,
233,Egypt,EGY,2020,107465134,365252651278.852,5.04493288977533,7.94000005722046
234,Egypt,EGY,2019,105618671,303080865603.645,9.15279959324812,7.84999990463257
235,Egypt,EGY,2018,103740765,249712999437.254,14.4014657807421,9.85999965667725
236,El Salvador,SLV,2021,6314167,28736940000.0,3.46692585313078,4.32999992370605
237,El Salvador,SLV,2020,6292731,24563020000.0,-0.371590212323993,5.01000022888184
238,El Salvador,SLV,2019,6280217,26881140000.0,0.0753241350024327,4.17000007629395
239,El Salvador,SLV,2018,6276342,26020850000.0,1.09033000581896,4.01000022888184
240,Equatorial Guinea,GNQ,2021,1634466,12269392839.7472,,
241,Equatorial Guinea,GNQ,2020,1596049,10099158074.7273,4.76970498098298,
242,Equatorial Guinea,GNQ,2019,1553031,11364133801.8914,1.23869860205109,
243,Equatorial Guinea,GNQ,2018,1502091,13097011143.2874,1.34988438751676,
244,Eritrea,ERI,2021,3620312,,,
245,Eritrea,ERI,2020,3555868,,,
246,Eritrea,ERI,2019,3498818,,,
247,Eritrea,ERI,2018,3445374,,,
248,Estonia,EST,2021,1330932,37191166151.98,4.65316673847481,6.17999982833862
249,Estonia,EST,2020,1329522,31370395572.7658,-0.444531097679859,6.80000019073486
250,Estonia,EST,2019,1326898,31081901909.2156,2.27725931243518,4.44999980926514
251,Estonia,EST,2018,1321977,30624720196.229,3.43632688420445,5.36999988555908
252,Ethiopia,ETH,2021,120283026,111271112329.975,26.8395221557722,3.9300000667572
253,Ethiopia,ETH,2020,117190911,107657734392.446,20.3563468559061,
254,Ethiopia,ETH,2019,114120594,95912590628.1412,15.8096321719345,
255,Ethiopia,ETH,2018,111129438,84269348327.3454,13.8330356586661,
256,Faroe Islands,FRO,2021,52889,3649886275.07118,,
257,Faroe Islands,FRO,2020,52415,3248696901.60652,,
258,Faroe Islands,FRO,2019,51681,3275706960.14634,,
259,Faroe Islands,FRO,2018,50955,3188610521.64824,,
260,Fiji,FJI,2021,924610,4296304590.01135,0.155855722131493,
261,Fiji,FJI,2020,920422,4477040340.45226,-2.5952432588737,
262,Fiji,FJI,2019,918465,5481675173.38011,1.7731018246027,
263,Fiji,FJI,2018,918996,5581371847.61641,4.08147637644538,
264,Finland,FIN,2021,5541017,297301883523.251,2.19457432339993,7.6100001335144
265,Finland,FIN,2020,5529543,271891788362.647,0.290554555653313,7.76000022888184
266,Finland,FIN,2019,5521606,268514916972.549,1.02409392963429,6.69000005722046
267,Finland,FIN,2018,5515525,275708001767.843,1.08382098409299,7.3600001335144
268,France,FRA,2021,67749632,2957879759263.52,1.64233141038392,7.8600001335144
269,France,FRA,2020,67571107,2639008701648.26,0.476498852725083,8.01000022888184
270,France,FRA,2019,67388001,2728870246705.88,1.10825492288292,8.40999984741211
271,France,FRA,2018,67158348,2790956878746.66,1.85081508315494,9.02000045776367
272,French Polynesia,PYF,2021,304032,6054676735.37523,,
273,French Polynesia,PYF,2020,301920,5709421968.74051,,
274,French Polynesia,PYF,2019,299717,6001384759.57628,,
275,French Polynesia,PYF,2018,297606,6135117589.07754,,
276,Gabon,GAB,2021,2341179,20216843173.9702,,
277,Gabon,GAB,2020,2292573,15314577167.8211,1.17681176042119,
278,Gabon,GAB,2019,2242785,16874405460.1955,2.46456756151187,
279,Gabon,GAB,2018,2192012,16867326389.8704,4.74906652083221,
280,Gambia,GMB,2021,2639916,2038417462.37695,7.37034758876615,
281,Gambia,GMB,2020,2573995,1812169483.72578,5.93127636562439,
282,Gambia,GMB,2019,2508883,1813608279.65044,7.11567625631191,
283,Gambia,GMB,2018,2444916,1670670668.5939,6.52096823946571,4.13000011444092
284,Georgia,GEO,2021,3708610,18629365597.0017,9.56691433824767,
285,Georgia,GEO,2020,3722716,15842922532.7202,5.2024648897533,11.7299995422363
286,Georgia,GEO,2019,3720161,17470436258.5131,4.85289821696731,11.5699996948242
287,Georgia,GEO,2018,3726549,17596922469.9152,2.61524471397664,12.6700000762939
288,Germany,DEU,2021,83196078,4259934911821.64,3.14296967309964,3.5699999332428
289,Germany,DEU,2020,83160871,3889668895299.62,0.506689889953274,3.85999989509583
290,Germany,DEU,2019,83092962,3888226035921.56,1.4456670146976,3.14000010490417
291,Germany,DEU,2018,82905782,3974443355019.6,1.73216766075662,3.38000011444092
292,Ghana,GHA,2021,32833031,77594279054.8795,9.97108867504441,
293,Ghana,GHA,2020,32180401,70043199813.6885,9.88728956269943,
294,Ghana,GHA,2019,31522290,68337537815.7703,7.14364003330856,
295,Ghana,GHA,2018,30870641,67299280679.563,7.80876516610709,
296,Gibraltar ,GIB,2021,32669,,,
297,Gibraltar ,GIB,2020,32709,,,
298,Gibraltar ,GIB,2019,32685,,,
299,Gibraltar ,GIB,2018,32648,,,
300,Greece,GRC,2021,10641221,214873879833.648,1.22382501019855,14.6599998474121
301,Greece,GRC,2020,10698599,188925995936.807,-1.24798355581408,15.8999996185303
302,Greece,GRC,2019,10721582,205257014892.502,0.25300752203812,17.0400009155273
303,Greece,GRC,2018,10732882,212049447242.111,0.625621413453588,19.1800003051758
304,Greenland,GRL,2021,56653,,,
305,Greenland,GRL,2020,56367,3076015346.7541,,
306,Greenland,GRL,2019,56225,2994332323.74726,,
307,Greenland,GRL,2018,56023,3055791340.7025,,
308,Grenada,GRD,2021,124610,1122807407.40741,1.21951193916844,
309,Grenada,GRD,2020,123663,1043414814.81481,-0.740732597045501,
310,Grenada,GRD,2019,122724,1213485185.18519,0.59814976473601,
311,Grenada,GRD,2018,121838,1166511111.11111,0.804102313277037,
312,Guam,GUM,2021,170534,6123000000.0,,
313,Guam,GUM,2020,169231,5886000000.0,,
314,Guam,GUM,2019,168624,6366000000.0,,
315,Guam,GUM,2018,168678,6056000000.0,,
316,Guatemala,GTM,2021,17109746,85985752107.4679,4.26105127422819,
317,Guatemala,GTM,2020,16858333,77625486978.2561,3.21444062197346,
318,Guatemala,GTM,2019,16604026,77170421167.5134,3.69998398008601,2.19000005722046
319,Guatemala,GTM,2018,16346950,73328024537.1848,3.75186186704512,2.27999997138977
320,Guinea,GIN,2021,13531906,16091817842.2342,12.5970695076018,
321,Guinea,GIN,2020,13205153,14177835816.2777,10.6018600008336,
322,Guinea,GIN,2019,12877539,13442861443.7506,9.47077937313535,5.01999998092651
323,Guinea,GIN,2018,12554864,11857030336.5252,9.82600180777342,
324,Guinea-Bissau,GNB,2021,2060721,1638517533.16504,2.24248879577662,
325,Guinea-Bissau,GNB,2020,2015828,1431758242.90375,1.14000939393218,
326,Guinea-Bissau,GNB,2019,1970457,1439638443.38133,0.246600268147853,
327,Guinea-Bissau,GNB,2018,1924955,1504630120.99275,0.381324702791038,3.20000004768372
328,Guyana,GUY,2021,804567,8044498800.95923,5.03285574626696,
329,Guyana,GUY,2020,797202,5471256594.72422,0.993337022838757,
330,Guyana,GUY,2019,798753,5173760191.84652,2.0872308916202,13.5200004577637
331,Guyana,GUY,2018,785514,4787636237.24043,1.28284288443518,14.0200004577637
332,Haiti,HTI,2021,11447569,20944392615.0803,16.8415240198785,
333,Haiti,HTI,2020,11306801,14508218017.4032,22.7963113642528,
334,Haiti,HTI,2019,11160438,14785839382.9002,18.7037825672506,
335,Haiti,HTI,2018,11012421,16455034352.7671,12.4814111170435,
336,Honduras,HND,2021,10278345,28488668301.6401,4.48087963413448,
337,Honduras,HND,2020,10121763,23827840809.7014,3.46841177951168,10.6800003051758
338,Honduras,HND,2019,9958829,25089976946.7736,4.36587159819272,5.55000019073486
339,Honduras,HND,2018,9792850,24067778953.842,4.34734937777536,5.61999988555908
340,Hungary,HUN,2021,9709891,181848022233.89,5.11096534382858,4.05000019073486
341,Hungary,HUN,2020,9750149,157182045260.23,3.3267438576673,4.25
342,Hungary,HUN,2019,9771141,163988594921.902,3.3385863538201,3.42000007629395
343,Hungary,HUN,2018,9775564,160564628963.713,2.85024792594642,3.71000003814697
344,Iceland,ISL,2021,372520,25602419210.3374,4.44423970189747,5.98999977111816
345,Iceland,ISL,2020,366463,21694674809.9321,2.84792401518658,6.42999982833862
346,Iceland,ISL,2019,360563,24826102119.6357,3.01397179156056,3.50999999046326
347,Iceland,ISL,2018,352721,26264127686.6137,2.68291768267388,2.70000004768372
348,India,IND,2021,1407563842,3176295065497.24,5.13140747176369,
349,India,IND,2020,1396387127,2667687951796.5,6.62343677628532,7.8600001335144
350,India,IND,2019,1383112050,2831552222519.99,3.72950573539126,6.51000022888184
351,India,IND,2018,1369003306,2702929718960.46,3.93882646691634,7.65000009536743
352,Indonesia,IDN,2021,273753191,1186092991320.04,1.56012990525685,3.82999992370605
353,Indonesia,IDN,2020,271857970,1058688935454.78,1.92096800566845,4.25
354,Indonesia,IDN,2019,269582878,1119099868265.25,3.03058664969491,3.58999991416931
355,Indonesia,IDN,2018,267066843,1042271531011.99,3.19834641562404,4.3899998664856
356,"Iran, Islamic Republic of",IRN,2021,87923432,359713152725.063,43.3890162681516,
357,"Iran, Islamic Republic of",IRN,2020,87290193,239735571102.495,30.5941390387295,9.6899995803833
358,"Iran, Islamic Republic of",IRN,2019,86564202,283746685180.338,39.9073455697783,10.7399997711182
359,"Iran, Islamic Republic of",IRN,2018,85617562,331682036227.963,18.0141183371874,12.1899995803833
360,Iraq,IRQ,2021,43533592,207889333724.138,6.04186489058039,16.1700000762939
361,Iraq,IRQ,2020,42556984,184369797315.436,0.574162679425838,
362,Iraq,IRQ,2019,41563520,233636097800.338,-0.198965380023871,
363,Iraq,IRQ,2018,40590700,227367469034.031,0.36744148893681,
364,Ireland,IRL,2021,5033165,504182603275.542,2.35814296241712,6.19000005722046
365,Ireland,IRL,2020,4985382,425852281928.121,-0.334584625428444,5.61999988555908
366,Ireland,IRL,2019,4934340,399321701632.431,0.939044481054341,4.94999980926514
367,Ireland,IRL,2018,4867316,385736680797.118,0.488370168032449,5.73999977111816
368,Isle of Man ,IMN,2021,84263,,,
369,Isle of Man ,IMN,2020,84046,,,
370,Isle of Man ,IMN,2019,83933,7315388052.08067,,
371,Isle of Man ,IMN,2018,83775,7491969312.87525,,
372,Israel,ISR,2021,9364000,488526545878.891,1.49228845352231,4.96000003814697
373,Israel,ISR,2020,9215100,413267669231.522,-0.588430300016595,4.32999992370605
374,Israel,ISR,2019,9054000,402470513619.148,0.844128708733833,3.79999995231628
375,Israel,ISR,2018,8882800,376691526553.276,0.817323896191417,4.0
376,Italy,ITA,2021,59109668,2107702842669.73,1.87378325762491,9.5
377,Italy,ITA,2020,59438851,1896755301518.14,-0.13770757391657,9.15999984741211
378,Italy,ITA,2019,59729081,2011302198827.45,0.611246943765291,9.94999980926514
379,Italy,ITA,2018,60421760,2091932426266.98,1.13748763600395,10.6099996566772
380,Jamaica,JAM,2021,2827695,14657586937.0735,5.86278242801063,8.35000038146973
381,Jamaica,JAM,2020,2820436,13812425036.5864,5.22677779293517,6.5
382,Jamaica,JAM,2019,2813773,15830768549.8916,3.90510000865876,4.98999977111816
383,Jamaica,JAM,2018,2811835,15730793852.7913,3.7366388215216,5.46999979019165
384,Japan,JPN,2021,125681593,4940877780755.33,-0.233352779398279,2.79999995231628
385,Japan,JPN,2020,126261000,5040107754084.11,-0.0249958340276592,2.79999995231628
386,Japan,JPN,2019,126633000,5123318151510.62,0.468776159383912,2.34999990463257
387,Japan,JPN,2018,126811000,5037835383110.97,0.989094598021806,2.47000002861023
388,Jordan,JOR,2021,11148278,45744271658.9141,1.34609377243118,19.8400001525879
389,Jordan,JOR,2020,10928721,44182298291.8206,0.33329435062843,19.2099990844727
390,Jordan,JOR,2019,10698683,44993992365.1297,0.761514047265513,16.7999992370605
391,Jordan,JOR,2018,10459865,43370860549.1337,4.46231108475485,18.2600002288818
392,Kazakhstan,KAZ,2021,19000988,197112255360.612,,
393,Kazakhstan,KAZ,2020,18755666,171082379532.988,6.74900183815967,4.8899998664856
394,Kazakhstan,KAZ,2019,18513673,181667190075.541,5.24547679608388,4.80000019073486
395,Kazakhstan,KAZ,2018,18276452,179339994859.384,6.01913096570673,4.84999990463257
396,Kenya,KEN,2021,53005614,110347079517.356,6.11090916378165,
397,Kenya,KEN,2020,51985780,100666542665.72,5.40481467184518,
398,Kenya,KEN,2019,50951450,100379713697.421,5.23585999425422,5.01000022888184
399,Kenya,KEN,2018,49953304,92202956320.532,4.68981976129857,
400,Kiribati,KIR,2021,128874,207031250.0,,
401,Kiribati,KIR,2020,126463,180911843.644622,,10.9700002670288
402,Kiribati,KIR,2019,124241,177935349.322211,-1.81307995302948,8.5600004196167
403,Kiribati,KIR,2018,122261,196230573.819486,0.564030491493466,
404,Korea (North),PRK,2021,25971909,,,
405,Korea (North),PRK,2020,25867467,,,
406,Korea (North),PRK,2019,25755441,,,
407,Korea (North),PRK,2018,25638149,,,
408,Korea (South),KOR,2021,51744876,1810955871380.98,2.49833333333334,3.64000010490417
409,Korea (South),KOR,2020,51836239,1644312831906.17,0.537288023411772,3.9300000667572
410,Korea (South),KOR,2019,51764822,1651422932447.77,0.383000303608079,3.75
411,Korea (South),KOR,2018,51585058,1724845615629.26,1.47583935002643,3.8199999332428
412,Kuwait,KWT,2021,4250114,,3.42362947609175,
413,Kuwait,KWT,2020,4360444,105960225688.145,2.1017295482741,
414,Kuwait,KWT,2019,4441100,136196760180.976,1.09184802655847,
415,Kuwait,KWT,2018,4317185,138182400493.585,0.543133148199589,
416,Kyrgyzstan,KGZ,2021,6691800,8543423502.6134,11.9050398185147,4.09999990463257
417,Kyrgyzstan,KGZ,2020,6579900,7780874536.66054,6.32542296338083,4.63000011444092
418,Kyrgyzstan,KGZ,2019,6456200,8871026074.19762,1.13362257718798,4.25
419,Kyrgyzstan,KGZ,2018,6322800,8271108638.39931,1.54266145238431,3.67000007629395
420,Lao PDR,LAO,2021,7425057,18827148509.5798,3.75562036658905,
421,Lao PDR,LAO,2020,7319399,18981800705.0794,5.10407262959903,
422,Lao PDR,LAO,2019,7212053,18740559554.1632,3.32255881256934,
423,Lao PDR,LAO,2018,7105006,18141651381.3884,2.04039266890198,
424,Latvia,LVA,2021,1884490,39853501579.8211,3.27582937431157,7.51000022888184
425,Latvia,LVA,2020,1900449,34601740323.3386,0.219064904842049,8.10000038146973
426,Latvia,LVA,2019,1913822,34343961072.8235,2.81140920075622,6.30999994277954
427,Latvia,LVA,2018,1927174,34429023435.0211,2.53445424186602,7.40999984741211
428,Lebanon,LBN,2021,5592631,23131940280.7316,154.756096023393,
429,Lebanon,LBN,2020,5662923,31712128253.7961,84.8643330472041,
430,Lebanon,LBN,2019,5781907,51953744530.2445,3.0053894939038,11.3000001907349
431,Lebanon,LBN,2018,5950839,54901519155.6219,6.07698907889605,
432,Lesotho,LSO,2021,2281454,2496134680.31694,6.04774591950681,
433,Lesotho,LSO,2020,2254100,2231214507.47611,4.97809676252292,
434,Lesotho,LSO,2019,2225702,2453980835.24819,5.18708359197993,16.8799991607666
435,Lesotho,LSO,2018,2198017,2553495915.79202,4.75180301624742,
436,Liberia,LBR,2021,5193416,3509000000.0,,
437,Liberia,LBR,2020,5087584,3039982500.0,,
438,Liberia,LBR,2019,4985289,3319596500.0,,
439,Liberia,LBR,2018,4889391,3422754800.0,23.5635148953742,
440,Libya,LBY,2021,6735277,42817472975.3677,,
441,Libya,LBY,2020,6653942,50357312594.5129,,
442,Libya,LBY,2019,6569088,69252306372.0232,,
443,Libya,LBY,2018,6477793,76684175824.1758,,
444,Liechtenstein,LIE,2021,39039,,,
445,Liechtenstein,LIE,2020,38756,6113951011.71459,,
446,Liechtenstein,LIE,2019,38482,6427248943.44939,,
447,Liechtenstein,LIE,2018,38181,6692504346.04765,,
448,Lithuania,LTU,2021,2800839,66445256585.3671,4.68354420903459,7.1100001335144
449,Lithuania,LTU,2020,2794885,56846622904.4391,1.19989444983569,8.48999977111816
450,Lithuania,LTU,2019,2794137,54751510087.7803,2.33450937988024,6.26000022888184
451,Lithuania,LTU,2018,2801543,53751411409.4447,2.69792779208397,6.15000009536743
452,Luxembourg,LUX,2021,640064,85506243833.7816,2.52692009066169,5.25
453,Luxembourg,LUX,2020,630419,73992591285.3029,0.819957302126994,6.76999998092651
454,Luxembourg,LUX,2019,620001,69825641851.0117,1.74332075653843,5.59000015258789
455,Luxembourg,LUX,2018,607950,71000359760.4611,1.52819524307373,5.59000015258789
456,"Macedonia, Republic of",MKD,2021,2065092,13825049831.7959,3.23074912132919,15.7799997329712
457,"Macedonia, Republic of",MKD,2020,2072531,12363580534.6811,1.20007348888482,16.5499992370605
458,"Macedonia, Republic of",MKD,2019,2076694,12606338448.547,0.766439573459688,17.3899993896484
459,"Macedonia, Republic of",MKD,2018,2076217,12683070061.4695,1.45831298507127,21.2000007629395
460,Madagascar,MDG,2021,28915653,14472603322.5571,5.81225118787723,
461,Madagascar,MDG,2020,28225177,13051441059.3338,4.20179312190553,
462,Madagascar,MDG,2019,27533134,14104664514.8681,5.61051441492366,
463,Madagascar,MDG,2018,26846541,13760033096.5211,8.59422958870474,
464,Malawi,MWI,2021,19889742,12626717491.8941,,
465,Malawi,MWI,2020,19377061,12182348212.7073,8.62551469650552,0.910000026226044
466,Malawi,MWI,2019,18867337,11025371147.1876,9.37083605605672,
467,Malawi,MWI,2018,18367883,9880675785.93057,12.420178108921,
468,Malaysia,MYS,2021,33573874,372980957208.023,2.47710241465444,
469,Malaysia,MYS,2020,33199993,337337932675.152,-1.13870215393056,4.53999996185303
470,Malaysia,MYS,2019,32804020,365175135787.568,0.662891865764376,3.25999999046326
471,Malaysia,MYS,2018,32399271,358791603677.728,0.884709160571244,3.29999995231628
472,Maldives,MDV,2021,521457,5405576235.79462,0.543149688736981,
473,Maldives,MDV,2020,514438,3746321936.37729,-1.3697742556981,
474,Maldives,MDV,2019,504508,5609400721.62268,0.220029731065343,4.55999994277954
475,Maldives,MDV,2018,489758,5300962659.51088,-0.133373386117525,
476,Mali,MLI,2021,21904983,19140461605.8227,3.92560283104272,
477,Mali,MLI,2020,21224040,17465392915.9153,0.438088940320712,3.52999997138977
478,Mali,MLI,2019,20567424,17280251193.9527,-1.65826694846368,
479,Mali,MLI,2018,19934298,17070866299.0945,0.299546507387888,1.62000000476837
480,Malta,MLT,2021,518536,17364044943.8202,1.49789217934737,3.39000010490417
481,Malta,MLT,2020,515332,14933066818.9606,0.638544956776653,4.34999990463257
482,Malta,MLT,2019,504062,15725847979.4022,1.64206001768947,3.61999988555908
483,Malta,MLT,2018,484630,15298771846.9532,1.15782362451512,3.66000008583069
484,Marshall Islands,MHL,2021,42050,259538700.0,,
485,Marshall Islands,MHL,2020,43413,241722400.0,,
486,Marshall Islands,MHL,2019,44728,232092300.0,,6.34000015258789
487,Marshall Islands,MHL,2018,45989,219330300.0,,
488,Mauritania,MRT,2021,4614974,9996249658.23982,3.56516484650187,
489,Mauritania,MRT,2020,4498604,8405491201.74674,2.38569488456317,
490,Mauritania,MRT,2019,4383849,8066126312.31807,2.30009262117938,10.4200000762939
491,Mauritania,MRT,2018,4270712,7473550557.07378,3.04891482875157,
492,Mauritius,MUS,2021,1266060,11529042672.3528,4.02852888157379,8.19999980926514
493,Mauritius,MUS,2020,1265740,11401050654.5624,2.58080077182828,8.63000011444092
494,Mauritius,MUS,2019,1265711,14436353897.9802,0.405655190309511,6.32999992370605
495,Mauritius,MUS,2018,1265303,14735695930.9727,3.2160538314458,6.42999982833862
496,Mexico,MEX,2021,126705138,1272839334119.3,5.68920847683764,4.09000015258789
497,Mexico,MEX,2020,125998302,1090515389749.41,3.39683415569999,4.44000005722046
498,Mexico,MEX,2019,125085311,1269011767478.56,3.6359614212705,3.48000001907349
499,Mexico,MEX,2018,124013861,1222408203104.3,4.89935015356549,3.26999998092651
500,"Micronesia, Federated States of",FSM,2021,113131,404028900.0,,
501,"Micronesia, Federated States of",FSM,2020,112106,408000000.0,0.550898203592806,
502,"Micronesia, Federated States of",FSM,2019,111379,412000000.0,1.53907146098899,
503,"Micronesia, Federated States of",FSM,2018,110929,401932300.0,1.79400375972253,
504,Moldova,MDA,2021,2615199,13679221333.2052,5.10641129002835,0.790000021457672
505,Moldova,MDA,2020,2635130,11859730543.5525,3.76597122245352,1.21000003814697
506,Moldova,MDA,2019,2664224,11971345002.7757,4.83778351428719,1.5
507,Moldova,MDA,2018,2707203,11457443185.0542,3.04505397337073,1.24000000953674
508,Monaco,MCO,2021,36686,8596096984.03312,,
509,Monaco,MCO,2020,36922,6739691604.79726,,
510,Monaco,MCO,2019,37034,7383745662.15157,,
511,Monaco,MCO,2018,37029,7194024563.06094,,
512,Mongolia,MNG,2021,3347782,15286441818.1437,7.35281243380224,7.75
513,Mongolia,MNG,2020,3294335,13312981594.573,3.79604026111249,6.59000015258789
514,Mongolia,MNG,2019,3232430,14206359006.8095,7.30106953550724,9.27000045776367
515,Mongolia,MNG,2018,3163991,13178094459.4548,6.82424790145521,5.38000011444092
516,Montenegro,MNE,2021,619211,5861268038.7982,2.41080198403167,
517,Montenegro,MNE,2020,621306,4769860740.74074,-0.255655699848551,17.8799991607666
518,Montenegro,MNE,2019,622028,5542053845.29274,0.361563704540798,15.1300001144409
519,Montenegro,MNE,2018,622227,5506766650.92111,2.61122378263797,15.1899995803833
520,Morocco,MAR,2021,37076584,142866329198.42,1.4019588396201,
521,Morocco,MAR,2020,36688772,121348138320.276,0.705968661338317,
522,Morocco,MAR,2019,36304408,128919944681.869,0.303386036590361,
523,Morocco,MAR,2018,35927511,127341174715.803,1.8039167114189,
524,Mozambique,MOZ,2021,32077072,15776758632.8573,5.68848699126617,
525,Mozambique,MOZ,2020,31178239,14028811071.7628,3.14169129409215,
526,Mozambique,MOZ,2019,30285595,15390039241.674,2.78110631182942,
527,Mozambique,MOZ,2018,29423878,14845402473.5521,3.91133439990733,
528,Myanmar,MMR,2021,53798084,65091751273.2879,,
529,Myanmar,MMR,2020,53423198,78930257227.0908,,1.48000001907349
530,Myanmar,MMR,2019,53040212,68697759361.231,8.82506696804562,0.409999996423721
531,Myanmar,MMR,2018,52666014,67144725830.5753,6.87232865662918,0.769999980926514
532,Namibia,NAM,2021,2530151,12310595843.9353,3.61690530108811,
533,Namibia,NAM,2020,2489098,10581585630.0773,2.20938236933476,
534,Namibia,NAM,2019,2446644,12541928104.6242,3.72239414422688,
535,Namibia,NAM,2018,2405680,13682062250.8152,4.29159105337873,19.8799991607666
536,Nauru,NRU,2021,12511,133218896.932607,,
537,Nauru,NRU,2020,12315,114626625.553023,,
538,Nauru,NRU,2019,12132,118724073.809183,,
539,Nauru,NRU,2018,11924,124021393.690412,,
540,Nepal,NPL,2021,30034989,36288830373.4106,4.08791045882441,
541,Nepal,NPL,2020,29348627,33433670511.9364,5.05236655289216,
542,Nepal,NPL,2019,28832496,34186190995.9565,5.56868547784925,
543,Nepal,NPL,2018,28506712,33111525871.9538,4.0611633875107,
544,Netherlands,NLD,2021,17533044,1012846760976.73,2.67572008805381,4.21000003814697
545,Netherlands,NLD,2020,17441500,909793466661.481,1.2724603778917,3.8199999332428
546,Netherlands,NLD,2019,17344874,910194347568.626,2.63369910249593,3.38000011444092
547,Netherlands,NLD,2018,17231624,914043438179.607,1.70349794744475,3.82999992370605
548,New Caledonia,NCL,2021,271030,10071351960.0477,,
549,New Caledonia,NCL,2020,271130,9435529927.2471,,13.5600004196167
550,New Caledonia,NCL,2019,271230,9438130987.37298,,10.8800001144409
551,New Caledonia,NCL,2018,271170,9846922416.14776,,
552,New Zealand,NZL,2021,5122600,249885687029.634,3.94112060778728,3.77999997138977
553,New Zealand,NZL,2020,5090200,211734532308.013,1.71456170007244,4.59999990463257
554,New Zealand,NZL,2019,4979200,213434571357.984,1.61963190184049,4.1100001335144
555,New Zealand,NZL,2018,4900600,211953111035.513,1.59829703801698,4.32999992370605
556,Nicaragua,NIC,2021,6850540,14013022092.0645,4.92841396948961,
557,Nicaragua,NIC,2020,6755895,12586970511.4131,3.68181341625573,
558,Nicaragua,NIC,2019,6663924,12596636042.2321,5.3762899084413,
559,Nicaragua,NIC,2018,6572233,13025239912.2751,4.94723728039882,5.19999980926514
560,Niger,NER,2021,25252722,14915001426.9724,3.83786802840503,
561,Niger,NER,2020,24333639,13744174689.9681,2.89819376026271,
562,Niger,NER,2019,23443393,12916455161.1081,-2.48979265070851,
563,Niger,NER,2018,22577058,12808660528.0617,2.96760366004454,
564,Nigeria,NGA,2021,213401323,440833583992.485,16.9528457221608,
565,Nigeria,NGA,2020,208327405,432198936002.177,13.2460234276597,
566,Nigeria,NGA,2019,203304492,448120015209.524,11.3967949687168,10.6999998092651
567,Nigeria,NGA,2018,198387623,421739210176.152,12.0947315505318,
568,Northern Mariana Islands,MNP,2021,49481,,,
569,Northern Mariana Islands,MNP,2020,49587,,,
570,Northern Mariana Islands,MNP,2019,49858,1182000000.0,,
571,Northern Mariana Islands,MNP,2018,50304,1302000000.0,,
572,Norway,NOR,2021,5408320,482174854481.956,3.48388055266678,4.36999988555908
573,Norway,NOR,2020,5379475,362198318435.26,1.28658490707998,4.42000007629395
574,Norway,NOR,2019,5347896,404941363636.364,2.16773003305405,3.69000005722046
575,Norway,NOR,2018,5311916,436999692591.454,2.76483134528794,3.79999995231628
576,Oman,OMN,2021,4520471,88191977373.212,1.54663705583755,1.89999997615814
577,Oman,OMN,2020,4543399,75909397659.2978,-0.903874872278535,2.94000005722046
578,Oman,OMN,2019,4602768,88060858257.4772,0.133795057453182,
579,Oman,OMN,2018,4601157,91505851755.5267,0.881302104009536,1.79999995231628
580,Pakistan,PAK,2021,231402117,348262544719.178,9.49621056124979,6.34000015258789
581,Pakistan,PAK,2020,227196741,300425666773.043,9.73999313898131,
582,Pakistan,PAK,2019,223293280,320909489229.723,10.5783618004555,4.82999992370605
583,Pakistan,PAK,2018,219731479,356128224957.085,5.07805725868917,4.07999992370605
584,Palau,PLW,2021,18024,217800000.0,2.61248185776489,
585,Palau,PLW,2020,17972,251900000.0,0.218181818181824,0.769999980926514
586,Palau,PLW,2019,17916,278900000.0,0.267379679144381,
587,Palau,PLW,2018,17864,284900000.0,2.10970464135021,
588,Palestinian Territory,PSE,2021,4922749,18036800000.0,1.23748102831382,26.3899993896484
589,Palestinian Territory,PSE,2020,4803269,15531700000.0,-0.735332001092242,25.8899993896484
590,Palestinian Territory,PSE,2019,4685306,17133500000.0,1.58018333639459,25.3400001525879
591,Palestinian Territory,PSE,2018,4569087,16276600000.0,-0.195107773730686,26.2600002288818
592,Panama,PAN,2021,4351267,63605100000.0,1.63070337301891,10.289999961853
593,Panama,PAN,2020,4294396,53977000000.0,-1.55027540803759,18.5499992370605
594,Panama,PAN,2019,4232532,66984400000.0,-0.355083821021212,6.40999984741211
595,Panama,PAN,2018,4165255,64929400000.0,0.761578359399943,5.30999994277954
596,Papua New Guinea,PNG,2021,9949437,26594305745.554,4.48359014042394,
597,Papua New Guinea,PNG,2020,9749640,23848265895.9538,4.87167398565548,
598,Papua New Guinea,PNG,2019,9542486,24751344560.8856,3.92867290939598,
599,Papua New Guinea,PNG,2018,9329227,24109509852.7402,4.37448921453166,
600,Paraguay,PRY,2021,6703799,39495431574.1782,4.78798310123612,7.30999994277954
601,Paraguay,PRY,2020,6618695,35432178068.1814,1.76751592356686,7.55000019073486
602,Paraguay,PRY,2019,6530026,37925338329.1494,2.75709727562792,6.59000015258789
603,Paraguay,PRY,2018,6443328,40225448340.6322,3.97561015740691,6.21999979019165
604,Peru,PER,2021,33715471,223249497500.387,4.27166381536796,5.09999990463257
605,Peru,PER,2020,33304756,201705055938.653,2.00241205759293,7.17999982833862
606,Peru,PER,2019,32824861,228323495040.901,2.25212191358024,3.38000011444092
607,Peru,PER,2018,32203944,222597212925.211,1.50915423024742,3.49000000953674
608,Philippines,PHL,2021,113880328,394086401171.168,3.92718022100326,3.40000009536743
609,Philippines,PHL,2020,112190977,361751116292.541,2.39316239316241,2.51999998092651
610,Philippines,PHL,2019,110380804,376823278560.849,2.39206534422402,2.24000000953674
611,Philippines,PHL,2018,108568836,346842094175.24,5.30934661627714,2.33999991416931
612,Poland,POL,2021,37747124,679444832854.295,5.05502704719268,3.35999989509583
613,Poland,POL,2020,37899070,599449188399.108,3.3744697261859,3.16000008583069
614,Poland,POL,2019,37965475,596054591863.312,2.227478809383,3.27999997138977
615,Poland,POL,2018,37974750,588782567765.872,1.81295156542681,3.84999990463257
616,Portugal,PRT,2021,10325147,253663144586.019,1.2656571906905,6.57999992370605
617,Portugal,PRT,2020,10297081,229031860520.777,-0.0124383299576167,6.80000019073486
618,Portugal,PRT,2019,10286263,239986922638.902,0.338178410046125,6.46000003814697
619,Portugal,PRT,2018,10283822,242313116577.967,0.99371568346825,6.98999977111816
620,Puerto Rico,PRI,2021,3263584,106525700000.0,,7.90000009536743
621,Puerto Rico,PRI,2020,3281538,103020300000.0,,
622,Puerto Rico,PRI,2019,3193694,105126400000.0,,8.30000019073486
623,Puerto Rico,PRI,2018,3193354,100958100000.0,,9.19999980926514
624,Qatar,QAT,2021,2688235,179677211793.938,2.30446565742003,0.140000000596046
625,Qatar,QAT,2020,2760385,144411363345.27,-2.54031503004763,0.140000000596046
626,Qatar,QAT,2019,2807235,175837550989.011,-0.666641124861102,0.100000001490116
627,Qatar,QAT,2018,2766732,183334953818.681,0.255815382724374,0.109999999403954
628,Romania,ROU,2021,19119880,284087563695.798,5.05232876096582,5.59000015258789
629,Romania,ROU,2020,19265250,251362040527.804,2.63107311184752,5.03000020980835
630,Romania,ROU,2019,19371648,251019278416.197,3.82785432599428,3.91000008583069
631,Romania,ROU,2018,19473970,243317079358.636,4.62548443137781,4.19000005722046
632,Russian Federation,RUS,2021,143449286,1778782625793.74,6.69445891957619,4.71999979019165
633,Russian Federation,RUS,2020,144073139,1489362488439.76,3.38165937237896,5.59000015258789
634,Russian Federation,RUS,2019,144406261,1693113904262.89,4.47036660760175,4.5
635,Russian Federation,RUS,2018,144477859,1657329646183.62,2.87829723647886,4.84999990463257
636,Rwanda,RWA,2021,13461888,11070356519.4804,-0.391346748300792,15.789999961853
637,Rwanda,RWA,2020,13146362,10184345442.1708,9.85039902274209,11.8299999237061
638,Rwanda,RWA,2019,12835028,10356327149.4262,3.3478765503764,11.2399997711182
639,Rwanda,RWA,2018,12531808,9642440645.81148,-0.311210160390642,10.7600002288818
640,Saint Kitts and Nevis,KNA,2021,47606,860840740.740741,1.19568887038397,
641,Saint Kitts and Nevis,KNA,2020,47642,884525925.925926,-1.16724501769362,
642,Saint Kitts and Nevis,KNA,2019,47712,1107840740.74074,-0.329562063663904,
643,Saint Kitts and Nevis,KNA,2018,47761,1076911111.11111,-1.03712214131567,
644,Saint Lucia,LCA,2021,179651,1691275156.6002,2.41070312174385,19.5200004577637
645,Saint Lucia,LCA,2020,179237,1516015718.73491,-1.75580833517596,20.3899993896484
646,Saint Lucia,LCA,2019,178583,2094201725.17451,0.539087559191731,15.3199996948242
647,Saint Lucia,LCA,2018,177888,2057067919.33041,1.93561893150608,19.0799999237061
648,Saint-Martin (French part),MAF,2021,31948,,,
649,Saint-Martin (French part),MAF,2020,32553,,,
650,Saint-Martin (French part),MAF,2019,33121,,,
651,Saint-Martin (French part),MAF,2018,33852,,,
652,Saint Vincent and Grenadines,VCT,2021,104332,904181492.766708,1.57272932500565,
653,Saint Vincent and Grenadines,VCT,2020,104632,872134555.555555,-0.628131309354661,
654,Saint Vincent and Grenadines,VCT,2019,104924,910149703.703704,0.913069725324485,
655,Saint Vincent and Grenadines,VCT,2018,105281,884328185.185185,2.32414485367923,
656,Samoa,WSM,2021,218764,843842416.462442,3.1332047317449,
657,Samoa,WSM,2020,214929,868904477.722589,-1.568912477409,
658,Samoa,WSM,2019,211905,912944537.815126,0.982326569888142,
659,Samoa,WSM,2018,209701,878435084.164589,4.19745888663745,
660,San Marino,SMR,2021,33745,,,6.34000015258789
661,San Marino,SMR,2020,34007,1541204337.79164,,7.23000001907349
662,San Marino,SMR,2019,34178,1616188702.34405,,7.53999996185303
663,San Marino,SMR,2018,34156,1655300872.53427,,7.82999992370605
664,Sao Tome and Principe,STP,2021,223107,526653790.670814,,
665,Sao Tome and Principe,STP,2020,218641,472551022.513384,,
666,Sao Tome and Principe,STP,2019,214599,427425039.684339,,
667,Sao Tome and Principe,STP,2018,211344,412253809.728799,7.85706431333533,
668,Saudi Arabia,SAU,2021,35950396,833541236569.315,3.06328988941548,6.61999988555908
669,Saudi Arabia,SAU,2020,35997107,703367841222.555,3.44545825956691,7.65999984741211
670,Saudi Arabia,SAU,2019,35827362,803616264791.024,-2.09333333333333,5.6399998664856
671,Saudi Arabia,SAU,2018,35018133,816578674529.141,2.45814158007533,6.03000020980835
672,Senegal,SEN,2021,16876720,27625388352.1688,,
673,Senegal,SEN,2020,16436120,24493157583.2282,2.54743464570552,
674,Senegal,SEN,2019,16000781,23398811423.578,1.75856517595659,2.85999989509583
675,Senegal,SEN,2018,15574909,23116897847.0474,0.46098564246427,3.5699999332428
676,Serbia,SRB,2021,6834326,63082047649.8528,4.08510285335103,10.0600004196167
677,Serbia,SRB,2020,6899126,53356480453.8048,1.57553290083409,9.01000022888184
678,Serbia,SRB,2019,6945235,51514222381.8428,1.8492298451109,10.3900003433228
679,Serbia,SRB,2018,6982604,50640650221.4622,1.95984076293803,12.7299995422363
680,Seychelles,SYC,2021,99258,1454458183.85981,,
681,Seychelles,SYC,2020,98462,1261198524.11092,8.27685811437228,4.30999994277954
682,Seychelles,SYC,2019,97625,1684373490.19831,2.07476436485001,2.97000002861023
683,Seychelles,SYC,2018,96762,1636312009.83387,3.70291839111564,3.52999997138977
684,Sierra Leone,SLE,2021,8420641,4042237864.28942,11.8739588840234,
685,Sierra Leone,SLE,2020,8233970,4063289449.58795,13.4468711101053,
686,Sierra Leone,SLE,2019,8046828,4076578542.56207,14.804999090602,
687,Sierra Leone,SLE,2018,7861281,4085114794.22324,16.0295447693699,3.19000005722046
688,Singapore,SGP,2021,5453566,396986899888.351,2.30485959040487,3.53999996185303
689,Singapore,SGP,2020,5685807,345295933898.674,-0.181916666666656,4.09999990463257
690,Singapore,SGP,2019,5703569,375472731271.075,0.565260568780358,3.09999990463257
691,Singapore,SGP,2018,5638676,376998146500.593,0.438620118446782,
692,Slovakia,SVK,2021,5447247,116527101097.7,3.14960629921263,6.8899998664856
693,Slovakia,SVK,2020,5458827,106696828625.55,1.9369412669422,6.71999979019165
694,Slovakia,SVK,2019,5454147,105720354988.541,2.66456133425443,5.76000022888184
695,Slovakia,SVK,2018,5446771,106137924015.593,2.51403712883808,6.53999996185303
696,Slovenia,SVN,2021,2108079,61748586534.8672,1.91706506089267,4.73999977111816
697,Slovenia,SVN,2020,2102419,53706800043.6842,-0.0548568157606067,4.98999977111816
698,Slovenia,SVN,2019,2088385,54331588482.3058,1.63052260754338,4.44999980926514
699,Slovenia,SVN,2018,2073894,54177882425.8431,1.73860861988181,5.13000011444092
700,Solomon Islands,SLB,2021,707851,1631486531.92364,-0.1154378944128,
701,Solomon Islands,SLB,2020,691191,1536148245.54995,2.96354992076069,
702,Solomon Islands,SLB,2019,674993,1619154819.29185,1.63485544012242,
703,Solomon Islands,SLB,2018,659249,1615479408.99088,3.46147484973745,
704,Somalia,SOM,2021,17065581,7628000011.46184,,
705,Somalia,SOM,2020,16537016,6883000000.0,,
706,Somalia,SOM,2019,15981300,6485000000.0,,18.8299999237061
707,Somalia,SOM,2018,15411094,5856000006.22196,,
708,South Africa,ZAF,2021,59392255,419015018371.887,4.61167217803201,28.7700004577637
709,South Africa,ZAF,2020,58801927,337619680138.494,3.21003597454107,24.3400001525879
710,South Africa,ZAF,2019,58087055,388531954110.604,4.12024587014984,25.5400009155273
711,South Africa,ZAF,2018,57339635,404159690890.846,4.51716522786587,24.2199993133545
712,South Sudan,SSD,2021,10748272,,10.5167158294359,
713,South Sudan,SSD,2020,10606227,,29.6758435538571,
714,South Sudan,SSD,2019,10447666,,87.2413641500032,
715,South Sudan,SSD,2018,10395329,,83.5015294921999,
716,Spain,ESP,2021,47415750,1427380681294.55,3.09313511976406,14.7799997329712
717,Spain,ESP,2020,47365655,1276962685648.25,-0.322753017299705,15.5299997329712
718,Spain,ESP,2019,47134837,1394320055129.41,0.699518994458693,14.1000003814697
719,Spain,ESP,2018,46797754,1421702715218.04,1.67498136863794,15.25
720,Sri Lanka,LKA,2021,22156000,88927263724.8592,7.01478071238186,
721,Sri Lanka,LKA,2020,21919000,85349112170.9594,6.15394508391743,5.3600001335144
722,Sri Lanka,LKA,2019,21803000,89014990791.9051,3.52839358231809,4.67000007629395
723,Sri Lanka,LKA,2018,21670000,94493847351.6433,2.13503773713198,4.32000017166138
724,Sudan,SDN,2021,45657202,34326058557.4418,382.815998259943,
725,Sudan,SDN,2020,44440486,27034593750.0,150.322723865569,
726,Sudan,SDN,2019,43232093,32338079165.2893,50.9940515002971,
727,Sudan,SDN,2018,41999059,32333780383.2924,63.2925073455883,
728,Suriname,SUR,2021,612985,2984706243.65482,59.1117096483868,
729,Suriname,SUR,2020,607065,2911807496.20227,34.8929491585684,
730,Suriname,SUR,2019,600301,4016040575.08796,,
731,Suriname,SUR,2018,593715,3996204757.11893,,
732,Swaziland,SWZ,2021,1192271,4743335152.94181,,
733,Swaziland,SWZ,2020,1180655,3982226055.38454,,
734,Swaziland,SWZ,2019,1169613,4495264160.86577,2.59801620311075,
735,Swaziland,SWZ,2018,1160428,4665237415.12526,4.81506167461507,
736,Sweden,SWE,2021,10415811,635663801201.765,2.16319736447149,8.72000026702881
737,Sweden,SWE,2020,10353442,547054174235.876,0.497367318853562,8.28999996185303
738,Sweden,SWE,2019,10278887,533879529188.454,1.78415097403832,6.82999992370605
739,Sweden,SWE,2018,10175214,555455371487.089,1.95353530127029,6.3600001335144
740,Switzerland,CHE,2021,8703405,800640155387.26,0.581814168489875,5.09999990463257
741,Switzerland,CHE,2020,8638167,739913619797.445,-0.725874933313391,4.82000017166138
742,Switzerland,CHE,2019,8575280,721369112726.724,0.362886179940635,4.3899998664856
743,Switzerland,CHE,2018,8514329,725568717468.001,0.936335464113605,4.71000003814697
744,Syrian Arab Republic (Syria),SYR,2021,21324367,,,
745,Syrian Arab Republic (Syria),SYR,2020,20772595,11079795397.2805,,
746,Syrian Arab Republic (Syria),SYR,2019,20098251,22443299775.342,,
747,Syrian Arab Republic (Syria),SYR,2018,19333463,21351730539.3113,,
748,Tajikistan,TJK,2021,9750064,8746270636.40142,,
749,Tajikistan,TJK,2020,9543207,8133996647.90397,,
750,Tajikistan,TJK,2019,9337003,8300784856.87904,,
751,Tajikistan,TJK,2018,9128132,7765014424.33779,,
752,"Tanzania, United Republic of",TZA,2021,63588334,67841049193.3855,3.690919588022,
753,"Tanzania, United Republic of",TZA,2020,61704518,62409709110.9538,3.29029062798326,2.77999997138977
754,"Tanzania, United Republic of",TZA,2019,59872579,61136873692.3985,3.46428057999023,
755,"Tanzania, United Republic of",TZA,2018,58090443,57003685911.9411,3.49445848856184,
756,Thailand,THA,2021,71601103,505947037098.424,1.23039541318382,1.21000003814697
757,Thailand,THA,2020,71475664,499681757030.968,-0.845937147357037,1.10000002384186
758,Thailand,THA,2019,71307763,544081056184.697,0.70672860131428,0.720000028610229
759,Thailand,THA,2018,71127802,506754616189.315,1.06389754183022,0.769999980926514
760,Timor-Leste,TLS,2021,1320942,3621222382.15929,,2.33999991416931
761,Timor-Leste,TLS,2020,1299995,2158392539.93697,,
762,Timor-Leste,TLS,2019,1280438,2028551627.60532,0.958812739703201,
763,Timor-Leste,TLS,2018,1261845,1563887943.80061,2.29424307036244,
764,Togo,TGO,2021,8644829,8413200567.6151,,
765,Togo,TGO,2020,8442580,7574636978.66175,1.82754038520035,
766,Togo,TGO,2019,8243094,7220395247.7424,0.685897590895539,
767,Togo,TGO,2018,8046679,7112200725.00232,0.928170503538593,
768,Tonga,TON,2021,106017,469231309.539488,5.64051140636751,2.10999989509583
769,Tonga,TON,2020,105254,484806718.323882,-0.349737696727454,
770,Tonga,TON,2019,104951,512057749.020644,1.17954334821804,
771,Tonga,TON,2018,105150,488903272.859878,5.03209691984875,2.25
772,Trinidad and Tobago,TTO,2021,1525663,24460196270.6866,2.05922746915452,4.44999980926514
773,Trinidad and Tobago,TTO,2020,1518147,21059428851.4883,0.598986330824747,4.21000003814697
774,Trinidad and Tobago,TTO,2019,1519955,23849557811.8957,1.00054293027224,3.51999998092651
775,Trinidad and Tobago,TTO,2018,1504709,24322359034.7096,1.01856930188828,
776,Tunisia,TUN,2021,12262946,46686741814.278,5.70635020830702,
777,Tunisia,TUN,2020,12161723,42537832456.2651,5.63415115897623,
778,Tunisia,TUN,2019,12049314,41906113685.9324,6.72007532863804,15.1300001144409
779,Tunisia,TUN,2018,11933041,42685972269.4473,7.3075917603165,15.460000038147
780,Turkey,TUR,2021,84775404,819035182929.585,19.5964926913323,11.9700002670288
781,Turkey,TUR,2020,84135428,720289368333.191,12.2789574462574,13.1099996566772
782,Turkey,TUR,2019,83481684,759937390496.669,15.1768215720023,13.6700000762939
783,Turkey,TUR,2018,82809304,778471900960.981,16.3324638988929,10.8900003433228
784,Turkmenistan,TKM,2021,6341855,,,
785,Turkmenistan,TKM,2020,6250438,,,
786,Turkmenistan,TKM,2019,6158420,45231428571.4286,,
787,Turkmenistan,TKM,2018,6065066,40765428571.4286,,
788,Turks and Caicos Islands ,TCA,2021,45114,943269800.0,,
789,Turks and Caicos Islands ,TCA,2020,44276,924583000.0,,
790,Turks and Caicos Islands ,TCA,2019,43080,1197415000.0,,
791,Turks and Caicos Islands ,TCA,2018,41487,1113178000.0,,
792,Tuvalu,TUV,2021,11204,63100961.5384615,,
793,Tuvalu,TUV,2020,11069,55054710.6186773,,
794,Tuvalu,TUV,2019,10956,54223149.1136601,,
795,Tuvalu,TUV,2018,10865,47818290.4961148,,
796,Uganda,UGA,2021,45853778,40529789025.5702,2.20457204757416,12.2799997329712
797,Uganda,UGA,2020,44404611,37600368180.9399,3.31332289544493,
798,Uganda,UGA,2019,42949080,35353060634.2022,2.86758803446909,
799,Uganda,UGA,2018,41515395,32927025573.4296,2.61601190952264,
800,Ukraine,UKR,2021,43792855,200085537744.354,9.36313917695229,9.82999992370605
801,Ukraine,UKR,2020,44132049,156617861448.576,2.7324920941942,9.47999954223633
802,Ukraine,UKR,2019,44386203,153882982016.281,7.8867174561113,8.1899995803833
803,Ukraine,UKR,2018,44622518,130891049796.879,10.9518559353179,8.80000019073486
804,United Arab Emirates,ARE,2021,9365145,415021590683.006,,3.10999989509583
805,United Arab Emirates,ARE,2020,9287289,349473015336.939,-2.0794031794094,4.28999996185303
806,United Arab Emirates,ARE,2019,9211657,417989721734.494,-1.93108114782171,2.32999992370605
807,United Arab Emirates,ARE,2018,9140169,427049432149.345,3.06863379251994,2.24000000953674
808,United Kingdom,GBR,2021,67326569,3131377762925.95,2.51837109614205,
809,United Kingdom,GBR,2020,67081000,2704609160088.15,0.98948670377243,
810,United Kingdom,GBR,2019,66836327,2857057847953.02,1.73810460086511,3.74000000953674
811,United Kingdom,GBR,2018,66460344,2878152147315.82,2.29283990345939,4.0
812,United States of America,USA,2021,331893745,23315080560000.0,4.69785886363739,5.34999990463257
813,United States of America,USA,2020,331501080,21060473613000.0,1.23358439630637,8.05000019073486
814,United States of America,USA,2019,328329953,21380976119000.0,1.81221007526015,3.67000007629395
815,United States of America,USA,2018,326838199,20533057312000.0,2.44258329692818,3.90000009536743
816,Uruguay,URY,2021,3426260,59319484710.6527,7.74791402314763,9.28999996185303
817,Uruguay,URY,2020,3429086,53560755046.6162,9.75640636078191,10.3299999237061
818,Uruguay,URY,2019,3428409,61231149880.5857,7.88198870879622,8.72999954223633
819,Uruguay,URY,2018,3427042,64515038268.1373,7.60653360377044,8.34000015258789
820,Uzbekistan,UZB,2021,34915100,69238903106.1738,10.8492397508122,
821,Uzbekistan,UZB,2020,34232050,59894305352.8955,12.8677297362606,5.28999996185303
822,Uzbekistan,UZB,2019,33580350,59907674027.4676,14.5257359560686,8.97999954223633
823,Uzbekistan,UZB,2018,32956100,52633143808.1824,17.5241796514055,9.35000038146973
824,Vanuatu,VUT,2021,319137,956332655.718234,2.34328358208955,
825,Vanuatu,VUT,2020,311685,896879875.195008,5.32935073101713,
826,Vanuatu,VUT,2019,304404,936526267.622513,2.76252019386107,5.44000005722046
827,Vanuatu,VUT,2018,297298,914736985.430944,2.3309637956687,
828,Venezuela (Bolivarian Republic),VEN,2021,28199867,,,
829,Venezuela (Bolivarian Republic),VEN,2020,28490453,,,7.53000020980835
830,Venezuela (Bolivarian Republic),VEN,2019,28971683,,,
831,Venezuela (Bolivarian Republic),VEN,2018,29825653,,,
832,Viet Nam,VNM,2021,97468029,366137590600.699,1.83471554810462,2.38000011444092
833,Viet Nam,VNM,2020,96648685,346615750664.384,3.22093436652514,2.09999990463257
834,Viet Nam,VNM,2019,95776716,334365257436.758,2.79582367452244,1.67999994754791
835,Viet Nam,VNM,2018,94914330,310106472642.968,3.53962805942641,1.1599999666214
836,"Virgin Islands, US",VIR,2021,105870,,,
837,"Virgin Islands, US",VIR,2020,106290,4204000000.0,,
838,"Virgin Islands, US",VIR,2019,106669,4117000000.0,,
839,"Virgin Islands, US",VIR,2018,107001,3922000000.0,,
840,Yemen,YEM,2021,32981641,,,
841,Yemen,YEM,2020,32284046,,,
842,Yemen,YEM,2019,31546691,,,
843,Yemen,YEM,2018,30790513,21606161066.2074,,
844,Zambia,ZMB,2021,19473125,22147634727.3584,22.0212342935964,5.19999980926514
845,Zambia,ZMB,2020,18927715,18110631358.3114,15.7325851421273,6.03000020980835
846,Zambia,ZMB,2019,18380477,23308667781.2258,9.15031644316299,5.53999996185303
847,Zambia,ZMB,2018,17835893,26311590296.7021,7.49457192728511,5.03000020980835
848,Zimbabwe,ZWE,2021,15993524,28371238665.5116,98.5461050920624,
849,Zimbabwe,ZWE,2020,15669666,21509698406.1116,557.20181736205,
850,Zimbabwe,ZWE,2019,15354608,21832234925.5021,255.304990757856,7.36999988555908
851,Zimbabwe,ZWE,2018,15052184,34156069918.0609,10.6188658669575,
