country,date,Fiscal Balance,GDP per capita,GDP,Unemployment Rate,Inflation,Population,CPI
Aruba,2018-01-01,,31705.2790531117,3202234636.87151,,3.62604141352956,105962,3.62604141352956
Aruba,2019-01-01,,31762.7340256358,3368970253.05286,,4.25746204335428,106442,4.25746204335428
Afghanistan,2018-01-01,1.63419574,502.056770622973,18418848299.5825,17.4659996032715,0.62614913,.,
Afghanistan,2019-01-01,-1.05808112,500.522664145294,18904490262.913,17.6110000610352,2.30237253,.,
Afghanistan,2020-01-01,-2.24279939,516.866552182696,20143442150.971,16.117000579834,5.60700524,.,
Afghanistan,2021-01-01,.,368.754614175459,14786861638.4535,20.2259998321533,.,37.266040802002,
Angola,2018-01-01,,2677.17781589774,2677.17781589774,16.3430004119873,19.6305943641961,.,
Angola,2019-01-01,,2569.69134652945,2569.69134652945,16.2830009460449,17.0797044074954,.,
Angola,2020-01-01,,2347.78703247628,2347.78703247628,17.9669990539551,22.2715643068877,.,
Angola,2021-01-01,,2299.6405718262,2299.6405718262,17.5230007171631,25.7542656453085,72.2799987792969,
Albania,2018-01-01,,5287.66369446913,406047.0,28.3050003051758,2.02805963071136,79.184,
Albania,2019-01-01,,5396.21586434732,414791.6,27.1609992980957,1.41109078954248,79.282,
Albania,2020-01-01,,5332.16047456847,410455.8,30.8460006713867,1.62088661717004,76.989,
Albania,2021-01-01,,6492.87201224634,445982.8,29.5049991607666,2.04147163139546,,
United Arab Emirates,2018-01-01,-24.42813721,43644.1470438183,70.24497182,6.66200017929077,3.06875526,.,
United Arab Emirates,2019-01-01,-20.42321447,43785.4172694435,81.48199235,7.40500020980835,-1.93143988,95.526481628418,
United Arab Emirates,2020-01-01,-21.17155078,41276.0555102387,106.82444671,14.1190004348755,-2.07880975,.,
United Arab Emirates,2021-01-01,-23.79571824,42535.9660450383,95.50850817,10.4930000305176,0.17957947,98.1263580322266,
Argentina,2018-01-01,-5.441,13105.397163317,997136.625,23.8299999237061,34.2772237131008,59727847975.8229,
Argentina,2019-01-01,-4.395,12716.2242038544,975569.0,25.8120002746582,53.5483043492342,64236209945.6428,
Armenia,2018-01-01,-1.75159516,4215.89945615491,40210.1953125,26.9810009002686,2.48593329,.,
Armenia,2019-01-01,-0.97730094,4561.96786576599,43260.1953125,24.6089992523193,1.44278585,.,
Armenia,2020-01-01,-5.40295567,4256.13129015707,,23.7600002288818,1.22648,99.7886123657227,
Armenia,2021-01-01,-4.58936665,4522.31910742549,,24.753999710083,7.20180576,,
Antigua and Barbuda,2018-01-01,,17527.1696291931,1605944444.44444,,1.20715793367003,,
Antigua and Barbuda,2019-01-01,,18319.4560540762,1687533333.33333,,1.43135598182989,,
Antigua and Barbuda,2020-01-01,,14787.6357752901,1370281481.48148,,0.625989707046698,,
Antigua and Barbuda,2021-01-01,,15781.3957017982,1471125925.92593,,2.06299638545331,,
Australia,2018-01-01,-1.260,58481.0344237649,486951.0,5.5141625,1.91140094445692,24966643,104.573949384723
Australia,2019-01-01,-4.403,58870.0216937531,496140.0,5.0584297,1.61076787290379,25340217,105.967030415602
Australia,2020-01-01,-8.758,58117.4520268812,504144.0,5.2746139,0.846905537459293,25655289,108.288832133736
Australia,2021-01-01,-6.454,59341.2377401658,511583.0,6.3422501,2.86391042204995,25688079,109.496169027165
Austria,2018-01-01,,46154.6250956541,82842.5,7.89999855389028,1.8,8840521.0,103.591367386051
Austria,2019-01-01,,46647.0809634335,84829.6,7.47700656451613,1.8,8879920.0,105.491209065911
Austria,2020-01-01,,43455.7000665738,82395.0,6.92586399928317,2.0,8916864.0,107.591034080493
Austria,2021-01-01,,45238.3907144733,78837.6,9.26020796173901,0.8,8955797,108.456087620839
Azerbaijan,2018-01-01,5.53361486,5262.18380792188,47.10656017,12.7170000076294,2.33422527,9939771,
Azerbaijan,2019-01-01,9.10873103,5348.26526707105,47.19558588,12.4060001373291,2.71230057,10024283.0,
Azerbaijan,2020-01-01,-6.52257986,5083.3816401988,55.66324885,17.4039993286133,2.8242865,10093121,
Azerbaijan,2021-01-01,4.33363671,5344.42134817085,43.7297925,14.2799997329712,6.65936961,10137750,
Burundi,2018-01-01,,-1.34959593117703,-1.34959593117703,1.68799996376038,-2.8146980766847,11493472,-2.8146980766847
Burundi,2019-01-01,,-1.12381564727229,-1.12381564727229,1.35399997234344,-0.686772170797229,11874838,-0.686772170797229
Burundi,2020-01-01,,-2.58728667995342,-2.58728667995342,1.72300004959106,7.32110643415513,12220227,7.32110643415513
Burundi,2021-01-01,,0.115827520453699,0.115827520453699,1.65799999237061,8.4045384507634,12551213,8.4045384507634
Belgium,2018-01-01,,42382.3182763247,100660.3,6.27482178479185,1.71018563241381,11427054,105.111369886772
Belgium,2019-01-01,,43098.4847198889,102766.9,5.71601501306882,1.98255202813632,11488980,107.20249746042
Belgium,2020-01-01,,40612.3924560653,101700.6,5.30195503181299,1.41349437615176,11538604,108.708902158024
Belgium,2021-01-01,,42901.4320595797,101515.6,6.85194204213903,0.252942323092388,11592952,108.986397760214
Benin,2018-01-01,,1194.43821427144,1.394587,3.86700010299683,0.644803622440778,5.199,89.8363128073025
Benin,2019-01-01,,1170.96553298099,1.507767,3.89000010490417,-0.70502663454275,5.13,87.0908933529088
Benin,2020-01-01,,1237.94929535039,1.317066,4.46999979019165,3.02272119663756,5.048,90.3430632417186
Benin,2021-01-01,,1319.1549945174,,4.32499980926514,1.73353962694033,,89.5924215559712
Burkina Faso,2018-01-01,,3.71472140884824,3.71472140884824,7.7810001373291,1.95594302672532,39.3458518981934,1.95594302672532
Burkina Faso,2019-01-01,,2.7350744438027,2.7350744438027,7.81099987030029,-3.23338933983321,.,-3.23338933983321
Burkina Faso,2020-01-01,,-0.95050255220441,-0.95050255220441,8.60700035095215,1.88443993781985,.,1.88443993781985
Burkina Faso,2021-01-01,,3.89515829120183,3.89515829120183,8.50399971008301,3.65353287214207,46.0400009155273,3.65353287214207
Bangladesh,2018-01-01,,1460.30501692162,708383.0,12.2930002212524,5.5436213948647,73.9122009277344,5.5417771316
Bangladesh,2019-01-01,,1557.96529123717,766135.3125,12.3660001754761,5.59199639930633,74.6844635009766,5.5181913945
Bangladesh,2020-01-01,,1593.3483212523,,14.3830003738403,5.6910747474621,74.9088973999023,6.020580556
Bangladesh,2021-01-01,,1684.43438995348,,13.7720003128052,5.54565430773474,,5.6424742865
Bulgaria,2018-01-01,,7859.6921556743,66363537115.2686,12.6850004196167,2.81454473824833,74.9634146341464,2.81454473824833
Bulgaria,2019-01-01,,8234.83966944834,68915875214.6537,8.89700031280518,3.10372944796774,75.1121951219512,3.10372944796774
Bulgaria,2020-01-01,,7956.46908962689,70240275010.1964,14.2049999237061,1.67244096855762,73.6073170731707,1.67244096855762
Bulgaria,2021-01-01,,8633.98229147066,84056312734.3089,15.8470001220703,3.29774435299511,,3.29774435299511
Bahrain,2018-01-01,,25415.8466249472,37802005319.1489,5.86700010299683,2.08766938046983,1487340,2.08766938046983
Bahrain,2019-01-01,,25869.1129129041,38653318085.1064,5.99100017547607,1.00582004702132,1494188,1.00582004702132
Bahrain,2020-01-01,,23501.9194628168,34723357446.8085,7.77400016784668,-2.31770629331374,1477469,-2.31770629331374
Bahrain,2021-01-01,,26562.9691354026,38868663031.9149,7.15000009536743,-0.606319385140896,1463265,-0.606319385140896
Bahamas,2018-01-01,,30705.6019729505,12755800000.0,24.25,2.26586346678726,,
Bahamas,2019-01-01,,31082.8060960243,13192800000.0,24.4340000152588,2.49123527368055,,
Bahamas,2020-01-01,,23566.5753253459,9699500000.0,29.8980007171631,0.0385210980053727,,
Bahamas,2021-01-01,,26705.5660079272,11208600000.0,27.2099990844727,2.90491262928479,,
Bosnia and Herzegovina,2018-01-01,,5263.84826619226,11.21151,39.4529991149902,1.41710814018026,77.093,
Bosnia and Herzegovina,2019-01-01,,5476.35576227301,11.19274,34.1020011901855,0.562782154061303,77.241,
Bosnia and Herzegovina,2020-01-01,,5373.16875734591,9.153822,36.8919982910156,-1.05129600763481,76.225,
Bosnia and Herzegovina,2021-01-01,,5862.45830047874,,35.3320007324219,1.98163900587616,,
Belarus,2018-01-01,,6165.90933024502,6165.90933024502,10.66100025177,4.87230220550689,9438785,
Belarus,2019-01-01,,6264.86096486176,6264.86096486176,10.2119998931885,5.59815595039851,9419758,
Belarus,2020-01-01,,6247.43190947199,6247.43190947199,12.0310001373291,5.54814357456511,9379952,
Belarus,2021-01-01,,6418.23763437028,6418.23763437028,10.4469995498657,9.46028389623105,9340314,
Belize,2018-01-01,,6059.16255306675,2315000000.0,18.0550003051758,0.269982622646432,2.345,
Belize,2019-01-01,,6210.56554311929,2416500000.0,20.423999786377,0.187069385181357,2.106,
Belize,2020-01-01,,5266.87616004213,2080000000.0,24.0,0.12143464461496,1.999,
Belize,2021-01-01,,6228.26730928353,2491500000.0,22.738000869751,3.23563659237067,,
"Bolivia, Plurinational State of",2018-01-01,,3219.20088567555,3219.20088567555,6.75299978256226,2.27205987230148,.,2.27205987230148
"Bolivia, Plurinational State of",2019-01-01,,3242.94884340563,3242.94884340563,6.97599983215332,1.83954504969032,.,1.83954504969032
"Bolivia, Plurinational State of",2020-01-01,,2920.19744316688,2920.19744316688,15.3760004043579,0.940742153381823,93.8525619506836,0.940742153381823
"Bolivia, Plurinational State of",2021-01-01,,3061.7386096362,3061.7386096362,8.45100021362305,0.737383721452315,,0.737383721452315
Brazil,2018-01-01,-7.030,8553.87618653936,296384.9,,3.66485028376724,210166592,114.398693152916
Brazil,2019-01-01,-5.880,8592.22153753537,299482.2,,3.73297621216894,211782878,118.718991334926
Brazil,2020-01-01,-13.332,8204.20272600881,295396.1,,3.21176803803379,213196304,123.695419867548
Brazil,2021-01-01,-4.417,8537.93922013226,302822.6,,8.30165975585676,214326223,129.334939115179
Barbados,2018-01-01,,17220.9310014747,-3.96,24.0459995269775,3.67381410406798,279688,
Barbados,2019-01-01,,17168.1456868491,-3.05,25.5160007476807,4.10028964518463,280180,
Brunei Darussalam,2018-01-01,,31241.4539554095,27343.3828125,31.4529991149902,1.02505179290213,97.214111328125,
Brunei Darussalam,2019-01-01,,30748.7374865551,28401.255859375,21.5130004882813,-0.390522069165492,.,
Brunei Darussalam,2020-01-01,,27179.4119853371,,27.128999710083,1.94031996607178,.,
Brunei Darussalam,2021-01-01,,31449.0765620727,,24.2649993896484,1.73341388450597,97.5899963378906,
Bhutan,2018-01-01,,3210.70626919782,-18.4071100191,14.6809997558594,2.72396386183716,.,
Bhutan,2019-01-01,,3303.96421053812,-20.4865384865,11.0600004196167,2.72582104307304,.,
Bhutan,2020-01-01,,3009.92417072191,-15.7966640589,21.2159996032715,5.62999177986902,.,
Bhutan,2021-01-01,,3266.36490519183,-12.0963588978,15.4689998626709,7.34683859830958,70.9499969482422,
Botswana,2018-01-01,,1.92532100563684,1.92532100563684,35.3390007019043,3.2380155894771,,93.4536267504333
Botswana,2019-01-01,,0.812639831928823,0.812639831928823,35.2849998474121,2.7728644286333,,92.3470676461724
Botswana,2020-01-01,,-10.5864046375139,-10.5864046375139,41.6539993286133,1.89035916824198,,88.24403986214
Botswana,2021-01-01,,9.09472194554309,9.09472194554309,38.5960006713867,7.24097765588449,,91.5525996743847
Central African Republic,2018-01-01,,2.26226962464517,2.26226962464517,10.0019998550415,1.61215686991555,54.369,
Central African Republic,2019-01-01,,1.25591971402652,1.25591971402652,10.0679998397827,2.68537355266785,55.025,
Central African Republic,2020-01-01,,-0.817344070765286,-0.817344070765286,11.2049999237061,1.71015659523149,54.604,
Central African Republic,2021-01-01,,-0.864325168126205,-0.864325168126205,10.9890003204346,4.25936417542871,,
Canada,2018-01-01,0.360,44917.4837282326,512479.0,5.9,2.268225672481,37065084.0,102.64896243411
Canada,2019-01-01,0.004,45109.2444855151,522312.8,5.7,1.94926902411596,37601230.0,103.930072729699
Canada,2020-01-01,-11.360,42258.6910170917,519350.8,5.5,0.716999632307852,38037204.0,106.732501501301
Canada,2021-01-01,-5.039,43936.3081048252,520170.0,9.2,3.39519318527532,38246108,108.333889370788
Switzerland,2018-01-01,,86756.6021294513,180057.5,2.87319083,0.740257931292869,208,100.080927667639
Switzerland,2019-01-01,,87123.6604363226,181960.9,2.33426803,0.560002810891802,211,100.641473725573
Switzerland,2020-01-01,,84434.7784901292,182290.1,2.30080576,0.202323798165289,211,100.845062610348
Switzerland,2021-01-01,,87339.7597519546,181946.2,3.38179772,-0.544291849811421,188,100.296144474932
Chile,2018-01-01,,13906.7702234013,47010219929887.0,7.26768224747039,2.18986963228229,.,107.39715082125
Chile,2019-01-01,,13765.118249803,47826062781578.0,7.274777981524,2.10150492340469,.,109.772374406421
Chile,2020-01-01,,12767.3039138968,47541758543337.0,8.07649781421379,3.46933962977667,.,113.574911246902
Chile,2021-01-01,,14115.9601368334,48254172895851.0,10.6664960457631,3.11138500575595,97.0400009155273,117.115955582593
China,2018-01-01,-4.283,9619.19248413627,13894817549374.2,,2.07479039965578,3180492335251.88,105.2
China,2019-01-01,-6.102,10155.4929447833,14279937500606.5,,2.89923416358227,3107195141695.96,107.0
China,2020-01-01,-9.718,10358.2594478784,14687673892882.0,,2.4194218945778,3134967867876.0,112.8
China,2021-01-01,,11188.3025403134,17734062645371.4,,0.981015135544851,3232949760553.15,112.55
Côte d'Ivoire,2018-01-01,,4.18156575659939,4.18156575659939,4.55999994277954,0.359409031380664,.,0.359409031380664
Côte d'Ivoire,2019-01-01,,3.53967784064793,3.53967784064793,3.94899988174438,-1.10686343994202,89.8934173583984,-1.10686343994202
Côte d'Ivoire,2020-01-01,,-0.632870724243684,-0.632870724243684,4.54400014877319,2.42500656821829,,2.42500656821829
Côte d'Ivoire,2021-01-01,,4.28849902534103,4.28849902534103,4.45100021362305,4.09195189692858,,4.09195189692858
Cameroon,2018-01-01,,1445.26776644065,4.20470375672767,6.43200016021729,1.0742994515814,77.0710372924805,
Cameroon,2019-01-01,,1454.56406402385,3.3020311698994,6.49499988555908,2.45280214062733,.,
Cameroon,2020-01-01,,1419.32820350189,0.474067068129494,7.26100015640259,2.43760882182242,78.2300033569336,
Cameroon,2021-01-01,,1432.8626845743,3.82743043169037,7.12799978256226,2.27185762503631,,
Congo,2018-01-01,,489.382354011428,,8.4680004119873,1.15277896375521,6.302,
Congo,2019-01-01,,494.819226947003,,8.49400043487549,2.20607305781519,6.253,
Congo,2020-01-01,,487.43311264638,,9.87100028991699,1.79537147083111,6.206,
Congo,2021-01-01,,501.239067350859,,9.42399978637695,1.71564275451263,,
Colombia,2018-01-01,,6320.76208436838,211310205400000.0,9.63752689594132,3.24056932930567,1.787,0.626575441123523
Colombia,2019-01-01,,6403.87709573135,217911760100000.0,10.4237188103964,3.52301932741443,1.765,0.598543786450212
Colombia,2020-01-01,,5865.65409477439,218217393000000.0,10.7071702845114,2.52663500084712,1.737,0.422147018246115
Colombia,2021-01-01,,6418.09775120445,223432682100000.0,14.8603699619255,3.49505757399453,,0.409059549862846
Cabo Verde,2018-01-01,,,28.1754250815554,27.1040000915527,1.25699566690509,571202,96.7430947417717
Cabo Verde,2019-01-01,,,28.500290283735,27.6490001678467,1.1066667429606,577030,96.2425900138086
Cabo Verde,2020-01-01,,,33.7787464608005,32.923999786377,0.60579580839551,582640,96.8042401521308
Cabo Verde,2021-01-01,,,29.9278422271382,30.6149997711182,1.86215297494637,587925,95.8507511572928
Costa Rica,2018-01-01,,12383.1499737386,12383.1499737386,25.1259994506836,2.22111461526584,1.709,103.34356966532
Costa Rica,2019-01-01,,12669.341068679,12669.341068679,31.2819995880127,2.09604635327805,1.632,105.065639806603
Costa Rica,2020-01-01,,12132.8768848243,12132.8768848243,40.1599998474121,0.724911478131358,1.555,106.728550761271
Costa Rica,2021-01-01,,12472.4437294954,12472.4437294954,39.2700004577637,1.72647755109235,,107.752542500497
Curaçao,2018-01-01,,,,,2.58368756641871,159336.0,2.58368756641871
Curaçao,2019-01-01,,,,,2.62220783425056,157441.0,2.62220783425056
Cyprus,2018-01-01,,29418.935546875,5306.1,20.1140003204346,1.43549119531762,1218831,1.43549119531762
Cyprus,2019-01-01,,29417.138671875,5665.4,16.4969997406006,0.250370996758456,1228836,0.250370996758456
Cyprus,2020-01-01,,28036.189453125,5838.7,18.1089992523193,-0.638422797978907,1237537,-0.638422797978907
Cyprus,2021-01-01,,31551.81640625,5787.5,17.0890007019043,2.44608867175472,1244188,2.44608867175472
Germany,2018-01-01,1.950,42928.7412368012,737457.48933824,5.4,1.34229014197559,82905782.0,102.017002833806
Germany,2019-01-01,1.531,43284.6024553493,748000.11716905,5.0,1.38292654829813,83092962.0,103.417236206034
Germany,2020-01-01,-4.333,41650.4227126493,738869.50567698,5.0,1.75562021562636,83160871.0,105.217536256043
Germany,2021-01-01,-3.727,42726.485322007,722802.75940298,6.0,1.19602004008016,83196078,106.482676972548
Djibouti,2018-01-01,-2.87734151,2755.83829341814,71.54886114,73.8929977416992,0.14797085,1057198,0.147970849877116
Djibouti,2019-01-01,-0.9175666,2876.04366371536,72.1179067,73.9100036621094,3.31322024,1073994,3.31925372703833
Djibouti,2020-01-01,-1.73136188,2917.9962809563,75.515933,78.7779998779297,1.78551848,1090156,1.77740783806174
Djibouti,2021-01-01,-3.3893003,3150.43672926335,78.89530431,77.0339965820313,1.17976375,1105557,
Dominica,2018-01-01,,7586.64614100055,8.92415,,0.989191119189815,70823,
Dominica,2019-01-01,,7936.3048182003,8.558658,,1.50462353858147,71428,
Dominica,2020-01-01,,6566.36420769493,10.42841,,-0.727116412668306,71995,
Dominica,2021-01-01,,6964.78328182289,,,0.5171721223237,72412,
Denmark,2018-01-01,,56563.4884729669,518425.4,5.4,0.650595548096481,5793636.0,101.0
Denmark,2019-01-01,,57203.0277943447,525636.5,5.1,1.32355587693309,5814422.0,102.3
Denmark,2020-01-01,,55898.7900294456,529455.4,4.7,0.735662269213522,5831404,103.0
Denmark,2021-01-01,,58359.5839945633,530984.8,6.2,0.529926029969938,5856733,103.6
Dominican Republic,2018-01-01,,7894.95501697125,,14.8809995651245,3.56443426013507,10765531,
Dominican Republic,2019-01-01,,8205.14240945814,,15.5780000686646,1.8106037704296,10881882,
Dominican Republic,2020-01-01,,7571.78265216424,,14.8070001602173,3.78103179915516,10999664,
Dominican Republic,2021-01-01,,8410.60565617264,,16.9060001373291,8.24300347981817,11117873,
Algeria,2018-01-01,-4.4258543,4188.22175743517,2.32141335,26.923999786377,4.2699902,3.023,99.54
Algeria,2019-01-01,-5.57936114,4153.00481594021,2.23863163,27.1870002746582,1.95176821,2.988,104.07
Algeria,2020-01-01,-6.73990492,3873.5100150745,2.49305348,31.113000869751,2.41513094,2.942,104.14
Algeria,2021-01-01,-3.78065149,3943.17198337712,1.93527893,29.3409996032715,7.22606307,,92.21
Ecuador,2018-01-01,,5976.24534526558,194042.609375,7.96400022506714,-0.224103246005465,17015672,-0.224103246005465
Ecuador,2019-01-01,,5863.91056629908,194146.828125,8.72999954223633,0.266012515466136,17343740,0.266012515466136
Ecuador,2020-01-01,,5331.97661096757,,11.0790004730225,-0.338872392562274,17588595,-0.338872392562274
Ecuador,2021-01-01,,5492.48927051545,,9.14599990844727,0.133251386096455,17797737,0.133251386096455
Egypt,2018-01-01,-9.55870329,3634.83426919152,35.57064337,26.3229999542236,14.4014657807421,103740765,14.4014657807421
Egypt,2019-01-01,-7.94825539,3768.62751137457,32.44413589,20.7070007324219,9.15279959324812,105618671,9.15279959324812
Egypt,2020-01-01,-6.97709821,3836.09115358719,32.4212482,18.4230003356934,5.04493288977533,107465134,5.04493288977533
Egypt,2021-01-01,-7.24586816,3898.51658195479,31.2069472,17.8169994354248,5.21404940513043,109262178,5.21404940513043
Spain,2018-01-01,-2.595,27739.8647682529,288307.2,16.5,0.57258911142106,46797754,101.864240605421
Spain,2019-01-01,-3.063,28087.8979203438,295213.8,14.3,0.98182492450422,47134837.0,102.86197554015
Spain,2020-01-01,-10.268,24785.446714692,281416.4,13.9,1.09709437495885,47365655,103.990315262472
Spain,2021-01-01,-6.873,26125.8716662745,268950.2,15.8,0.456647671497055,47415750,104.465631046828
Estonia,2018-01-01,,19611.6109936281,288307.18406468,6.3,3.48552607797486,1.67,3.44129554655871
Estonia,2019-01-01,,20269.575137379,295213.84671178,4.3,2.70169456829145,1.66,2.73972602739726
Estonia,2020-01-01,,20118.1050729983,281416.4285145,5.1,1.62644298127707,1.58,1.61904761904761
Estonia,2021-01-01,,21707.2407508041,268950.23549131,7.1,0.223867979813592,,0.234301780693549
Ethiopia,2018-01-01,,6.00659416749285,6.00659416749285,4.89900016784668,13.8330356586661,111129438,140.437730348251
Ethiopia,2019-01-01,,7.31993277810487,7.31993277810487,5.20100021362305,15.8096321719345,114120594,154.833845867281
Ethiopia,2020-01-01,,4.38699650321167,4.38699650321167,6.64699983596802,20.3563468559061,117190911,151.285278865665
Ethiopia,2021-01-01,,3.57216651203457,3.57216651203457,6.13500022888184,26.8395221557722,120283026,140.763999449899
Finland,2018-01-01,,45627.9198947233,50743.7,8.47130630362286,0.783,5515525.0,0.796733393088339
Finland,2019-01-01,,46135.8814242631,50977.8,6.86595518175887,1.098,5521606.0,1.08684912558049
Finland,2020-01-01,,45053.758678116,51203.9,6.90414833526596,0.98,5529543.0,0.98719577753883
Finland,2021-01-01,,46297.2418204236,50698.2,8.11612040034847,0.883,5541017,0.890437475803339
Fiji,2018-01-01,,5708.99261980924,,15.1450004577637,4.08147637644538,918996,4.8490393413
Fiji,2019-01-01,,5679.0507253517,,15.4549999237061,1.7731018246027,918465,-0.872600349
Fiji,2020-01-01,,4703.57670791071,,16.6280002593994,-2.5952432588737,920422,-2.8169014085
Fiji,2021-01-01,,4442.93260413278,,16.4689998626709,0.155855722131493,924610,2.9891304348
France,2018-01-01,-2.289,38259.6977698474,549759.38201908,9.2,1.85081508315494,67158348,101.75
France,2019-01-01,-3.065,38832.0242014303,561406.27797868,8.8,1.10825492288292,67388001,103.01
France,2020-01-01,-8.876,35712.0751986828,532192.71327444,8.2,0.476498852725083,67571107,104.54
France,2021-01-01,-6.430,38045.9021613006,540234.62682889,8.0,1.64233141038392,67749632,105.12
"Micronesia, Federated States of",2018-01-01,,2962.23858125628,0.2116583987,,1.79400375972253,110929,2.4918127404
"Micronesia, Federated States of",2019-01-01,,2984.93012390233,1.2,,1.53907146098899,111379,1.3009441489
"Micronesia, Federated States of",2020-01-01,,2913.21837338295,-1.8183024894,,0.550898203592806,112106,-0.3279715403
Gabon,2018-01-01,,7694.90604516325,0.1094635,36.1310005187988,4.74906652083221,2192012,
Gabon,2019-01-01,,7523.8622784598,0.1093846,35.976001739502,2.46456756151187,2242785,
Gabon,2020-01-01,,6680.08267035383,0.1137353,38.5169982910156,1.17681176042119,2292573,
United Kingdom,2018-01-01,-2.159,47006.1429267683,462119.7,,2.29283990345939,143099892911.005,104.5
United Kingdom,2019-01-01,-2.209,47491.5945630059,470015.0,,1.73810460086511,161903837817.65,106.4
United Kingdom,2020-01-01,-12.761,42098.7497835684,458804.7,,0.98948670377243,153576134878.052,108.3
United Kingdom,2021-01-01,-7.985,45101.536026388,,,2.51837109614205,154989456246.086,109.3
Georgia,2018-01-01,-0.81650676,4539.08752230476,411738.388,4.3,.,.,2.43
Georgia,2019-01-01,-1.84242092,4773.42330884899,438598.856,3.9,.,99.5584411621094,2.13
Georgia,2020-01-01,-9.25457582,4447.664250894,426232.568,3.5,.,,2.378
Georgia,2021-01-01,-6.02099343,4931.82372520107,473823.474,4.8,.,,2.188
Ghana,2018-01-01,,3.99065219632543,3.99065219632543,6.45100021362305,7.80876516610709,79.0396423339844,7.80876516610709
Ghana,2019-01-01,,4.34104647526655,4.34104647526655,6.53200006484985,7.14364003330856,.,7.14364003330856
Ghana,2020-01-01,,-1.47944440230683,-1.47944440230683,7.34100008010864,9.88728956269943,80.379997253418,9.88728956269943
Ghana,2021-01-01,,3.29066462521288,3.29066462521288,7.15999984741211,9.97108867504441,,9.97108867504441
Guinea,2018-01-01,,2536.09418094851,24109509852.7402,4.76800012588501,9.82600180777342,,4.8002026279
Guinea,2019-01-01,,2590.50515304414,24751344560.8856,4.73400020599365,9.47077937313535,,2.7348588635
Guinea,2020-01-01,,2455.15598423553,23848265895.9538,5.35900020599365,10.6018600008336,,5.140734352
Guinea,2021-01-01,,2413.07097588663,26594305745.554,5.26200008392334,12.5970695076018,,5.7019434436
Gambia,2018-01-01,,683.324363124911,,7.17999982833862,6.52096823946571,.,
Gambia,2019-01-01,,722.874793145171,,7.27199983596802,7.11567625631191,.,
Gambia,2020-01-01,,704.029916035493,,8.85099983215332,5.93127636562439,.,
Gambia,2021-01-01,,772.152395143237,,8.32499980926514,7.37034758876615,58.060001373291,
Guinea-Bissau,2018-01-01,,1.52788623209794,19.1670199875353,11.5329999923706,0.381324702791038,60.502,
Guinea-Bissau,2019-01-01,,2.25048923679107,19.2440372806701,11.7290000915527,0.246600268147853,60.882,
Guinea-Bissau,2020-01-01,,-0.684931506849865,20.1569204605,12.8120002746582,1.14000939393218,59.999,
Guinea-Bissau,2021-01-01,,2.73972602739765,21.6483093028203,12.8380002975464,2.24248879577662,,
Equatorial Guinea,2018-01-01,,7079.65050227129,12.1878569050211,15.8109998703003,1.34988438751676,,1.34988438751676
Equatorial Guinea,2019-01-01,,6472.07086074269,14.0018430279566,15.9390001296997,1.23869860205109,,1.23869860205109
Equatorial Guinea,2020-01-01,,6030.51757008333,16.2822245582217,18.117000579834,4.76970498098298,,4.76970498098298
Greece,2018-01-01,,18647.4957207515,46658.8,20.764507284966,0.625621413453588,10732882,99.1049776360441
Greece,2019-01-01,,19018.9021220823,47440.8,19.0892758596099,0.25300752203812,10721582,99.5399971771139
Greece,2020-01-01,,17343.6099878902,46704.7,17.0884275661713,-1.24798355581408,10698599,100.399198941753
Greece,2021-01-01,,18907.8491448015,45794.2,16.5882647889587,1.22382501019855,10641221,98.4272385928877
Grenada,2018-01-01,,9574.27987254478,1166511111.11111,4.1,0.804102313277037,121838,
Grenada,2019-01-01,,9887.92074235834,1213485185.18519,4.9,0.59814976473601,122724,
Grenada,2020-01-01,,8437.56673228706,1043414814.81481,4.9,-0.740732597045501,123663,
Grenada,2021-01-01,,9010.57224466261,1122807407.40741,6.2,1.21951193916844,124610,
Guatemala,2018-01-01,,4485.73125489372,73328024537.1848,4.68699979782104,3.75186186704512,16346950,3.75186186704512
Guatemala,2019-01-01,,4647.69334663252,77170421167.5134,4.46600008010864,3.69998398008601,16604026,3.69998398008601
Guatemala,2020-01-01,,4604.57667897864,77625486978.2561,6.52099990844727,3.21444062197346,16858333,3.21444062197346
Guatemala,2021-01-01,,5025.5422907779,85985752107.4679,5.65299987792969,4.26105127422819,17109746,4.26105127422819
Guyana,2018-01-01,,6127.70538051386,4.441,26.1560001373291,1.28284288443518,.,1.28284288443518
Guyana,2019-01-01,,6348.69808969246,5.353,27.0049991607666,2.0872308916202,.,2.0872308916202
Guyana,2020-01-01,,9126.80604679143,43.48,30.9050006866455,0.993337022838757,.,0.993337022838757
Guyana,2021-01-01,,10857.3381487023,23.774,29.4570007324219,5.03285574626696,88.8499984741211,5.03285574626696
Hong Kong,2018-01-01,,45280.2113679239,361731070995.726,8.74300003051758,2.40613432046539,7452600,
Hong Kong,2019-01-01,,44192.3802322275,363052489184.395,8.52099990844727,2.8832085377399,7507900,
Hong Kong,2020-01-01,,41448.4907994199,344932192028.051,15.5209999084473,0.250962021080809,7481000,
Hong Kong,2021-01-01,,44481.3397599363,369176400967.427,12.7690000534058,1.56875834445927,7413100,
Honduras,2018-01-01,,2423.27329902983,24067778953.842,10.4630002975464,4.34734937777536,87.2052383422852,
Honduras,2019-01-01,,2446.10530994908,25089976946.7736,10.4569997787476,4.36587159819272,88.5074310302734,
Honduras,2020-01-01,,2190.97187254256,23827840809.7014,16.9090003967285,3.46841177951168,,
Honduras,2021-01-01,,2428.02918076814,28488668301.6401,13.5240001678467,4.48087963413448,,
Croatia,2018-01-01,,15244.4310483476,,23.7520008087158,1.50012501041753,.,1.50012501041753
Croatia,2019-01-01,,15331.8830536722,,16.6760005950928,0.771820346498083,.,0.771820346498083
Croatia,2020-01-01,,14198.7539594744,,21.1520004272461,0.154811374562028,.,0.154811374562028
Croatia,2021-01-01,,17685.3252834553,,21.94700050354,2.55450699642046,99.4499969482422,2.55450699642046
Haiti,2018-01-01,,1429.23135334836,-2.881,32.3300018310547,12.4814111170435,2.959,
Haiti,2019-01-01,,1386.51851658061,-1.141,32.2709999084473,18.7037825672506,2.919,
Haiti,2020-01-01,,1322.81405814194,1.091,35.2649993896484,22.7963113642528,2.869,
Haiti,2021-01-01,,1283.05286964319,0.467,34.1319999694824,16.8415240198785,,
Hungary,2018-01-01,,14377.421963001,33641.0,3.7,2.85024792594642,1.55,103.923019985196
Hungary,2019-01-01,,15082.6714945249,36593.4,3.4,3.3385863538201,1.55,106.735751295337
Hungary,2020-01-01,,14427.8188846629,36871.2,3.3,3.3267438576673,1.56,111.695040710585
Hungary,2021-01-01,,15518.7686622368,35879.8,4.4,5.11096534382858,,114.729829755736
Indonesia,2018-01-01,-1.750,3741.30527715913,2557426700.0,,3.19834641562404,128498172045.451,109.697867216586
Indonesia,2019-01-01,-2.229,3892.42167262992,2689212200.0,,3.03058664969491,116772193014.721,112.795316457448
Indonesia,2020-01-01,-6.112,3780.14120998019,2766052200.0,,1.92096800566845,127735559801.691,115.818028317163
Indonesia,2021-01-01,-4.618,3892.5389904925,2748524400.0,,1.56012990525685,133352532466.451,117.617784310243
India,2018-01-01,-6.376,1891.13794439121,33831369497981.496,26.3530006408691,3.93882646691634,401550065968.083,110.168951227287
India,2019-01-01,-7.493,1941.81508305731,35623886135681.1,22.8850002288818,3.72950573539126,378006428711.078,117.437041759643
India,2020-01-01,-12.757,1796.48873981565,36401157939049.5,30.8959999084473,6.62343677628532,442647713931.224,126.2352566146
India,2021-01-01,,1936.94270206376,36927306559962.6,23.8929996490479,5.13140747176369,554103798782.004,130.22803494489
Ireland,2018-01-01,,72339.4218486536,14751795225.7235,6.0,0.488370168032449,4867316,99.3770246698231
Ireland,2019-01-01,,75239.3028933993,14296119922.7389,5.0,0.939044481054341,4934340,100.074757039621
Ireland,2020-01-01,,79074.5401350894,14376479257.6381,4.8,-0.334584625428444,4985382,101.370545726389
Ireland,2021-01-01,,88966.6721604807,,6.8,2.35814296241712,5033165,101.171193620733
"Iran, Islamic Republic of",2018-01-01,-1.60053461,5211.11164308815,331682036227.963,27.5410003662109,30.2233087,.,
"Iran, Islamic Republic of",2019-01-01,-4.43163707,5017.11721737502,283746685180.338,25.9629993438721,34.62342812,.,
"Iran, Islamic Republic of",2020-01-01,-5.0159116,5141.08477874704,239735571102.495,23.7140007019043,36.44232595,.,
"Iran, Islamic Republic of",2021-01-01,-4.54026628,5344.9580270883,359713152725.063,25.6089992523193,40.13203499,88.7399978637695,
Iraq,2018-01-01,7.79772948,4710.97628188563,29.85458635,29.5550003051758,0.36744149,.,0.36744148893681
Iraq,2019-01-01,0.84351044,4854.38663347607,29.10955378,33.9889984130859,-0.19896538,,-0.198965380023871
Iraq,2020-01-01,-12.8121429,4204.17669758529,48.52419442,36.8419990539551,0.57416268,,0.574162679425838
Iraq,2021-01-01,1.89592407,4224.25383488689,33.11894742,35.6040000915527,6.04186489,,6.04186489058039
Iceland,2018-01-01,,74461.479998678,547710.9,2.99708093229945,2.68291768267388,352721.0,-0.0827919177801361
Iceland,2019-01-01,,68853.71521658,565451.3,3.04018544274576,3.01397179156056,360563.0,-0.422573557340138
Iceland,2020-01-01,,59200.1779441092,542337.1,3.07679776022549,2.84792401518658,366463.0,-0.74676317517097
Iceland,2021-01-01,,68727.636664709,524255.5,7.95534898555618,4.44423970189747,372520,-0.0531349149471629
Israel,2018-01-01,,38744.1604404811,332395.0,3.666867572,0.817323896191417,,99.3951612903226
Israel,2019-01-01,,39591.3687578516,344039.4375,4.222479769,0.844128708733833,,100.604838709677
Israel,2020-01-01,,38176.7543372587,,3.707786163,-0.588430300016595,,100.907258064516
Israel,2021-01-01,,40805.1917574569,,4.620903907,1.49228845352231,,100.504032258065
Italy,2018-01-01,-2.186,31593.4802621599,429389.0,11.1,1.13748763600395,60421760.0,101.5
Italy,2019-01-01,-1.540,32114.2998563994,432243.4,10.4,0.611246943765291,59729081,102.4
Italy,2020-01-01,-9.597,29353.8154433028,404677.0,9.7,-0.13770757391657,59438851,102.9
Italy,2021-01-01,-7.175,31505.9489224989,404907.4,10.2,1.87378325762491,59109668,103.3
Jamaica,2018-01-01,,5264.19609212041,15730793852.7913,18.1760005950928,3.7366388215216,,
Jamaica,2019-01-01,,5307.50998134429,15830768549.8916,16.0459995269775,3.90510000865876,,
Jamaica,2020-01-01,,4765.47436441152,13812425036.5864,20.2189998626709,5.22677779293517,,
Jamaica,2021-01-01,,4971.88995466932,14657586937.0735,18.6070003509521,5.86278242801063,,
Jersey,2018-01-01,,,614106.5,4.8,.,368762,385.646
Jersey,2019-01-01,,,637630.4,4.1,.,367922,394.041
Jersey,2020-01-01,,,620085.9,4.3,.,368085,405.906
Jersey,2021-01-01,,,682945.9,7.7,.,384951,409.744
Jordan,2018-01-01,-4.65982276,3929.68714237256,-6.90048657,38.8800010681152,4.45063834,98.2271118164063,
Jordan,2019-01-01,-6.01318446,3916.01694720161,-1.73781672,37.1220016479492,0.67742359,.,
Jordan,2020-01-01,-8.58974112,3773.42178163461,-5.73370238,42.3489990234375,0.39691733,.,
Jordan,2021-01-01,-8.04630201,3781.52828627257,-8.78734816,40.2799987792969,1.31919435,98.4199981689453,
Japan,2018-01-01,-2.471,36117.2276899342,138808600.0,2.6,0.989094598021806,126811000,101.298040213795
Japan,2019-01-01,-3.032,36081.0653118215,138789725.0,2.6,0.468776159383912,126633000,101.501654364978
Japan,2020-01-01,-8.966,34556.4399294744,135948300.0,2.5,-0.0249958340276592,126261000,102.316110969712
Japan,2021-01-01,,35291.0138555083,133585000.0,3.1,-0.233352779398279,125681593,101.60346144057
Kazakhstan,2018-01-01,2.54482653,11053.3620631343,11053.3620631343,3.84100008010864,6.01913096570673,18276452.0,
Kazakhstan,2019-01-01,-0.60091355,11402.7601135125,11402.7601135125,3.8989999294281,5.24547679608388,18513673.0,
Kazakhstan,2020-01-01,-7.07031021,10974.2462751277,10974.2462751277,3.76500010490417,6.74900183815967,18755666,
Kenya,2018-01-01,,3.17105690776077,3.17105690776077,10.6890001296997,4.68981976129857,62.676,4.68981976129857
Kenya,2019-01-01,,2.68506187070617,2.68506187070617,12.4300003051758,5.23585999425422,62.943,5.23585999425422
Kenya,2020-01-01,,-2.48850345807409,-2.48850345807409,13.8299999237061,5.40481467184518,62.675,5.40481467184518
Kenya,2021-01-01,,5.12528416147621,5.12528416147621,13.4750003814697,6.11090916378165,,6.11090916378165
Kyrgyzstan,2018-01-01,-0.59009896,1197.6107237282,32.50557,14.9989995956421,1.54266145,,1.54266145238431
Kyrgyzstan,2019-01-01,-0.07824198,1226.82446375586,27.17283,15.1680002212524,1.13635136,,1.13362257718798
Kyrgyzstan,2020-01-01,-3.25484399,1102.66436211075,28.43855,18.0370006561279,6.32255417,,6.32542296338083
Kyrgyzstan,2021-01-01,-1.25831135,1123.37284385643,,19.2830009460449,11.90842626,,11.9050398185147
Cambodia,2018-01-01,,1533.31598466695,24571753583.4922,0.405000001192093,2.45908515380133,2.435,
Cambodia,2019-01-01,,1671.38538492515,27089389786.979,0.430999994277954,1.94257500833109,2.402,
Cambodia,2020-01-01,,1577.91174726099,25872798012.1938,0.785000026226044,2.94029514263973,2.381,
Cambodia,2021-01-01,,1625.23501955454,26961061119.7957,0.679000020027161,2.9207347759295,,
Aruba,2020-01-01,,25823.634823564,2610038937.56355,,,106585,
Aruba,2021-01-01,,30271.8334746536,3126019399.06492,,,106537,
Andorra,2018-01-01,,42903.4435794631,,,,75013,
Andorra,2019-01-01,,41327.5020305489,,,,76343,
Andorra,2020-01-01,,37207.4938608348,,,,77700,
Andorra,2021-01-01,,42137.3272710372,,,,79034,
Argentina,2018-02-01,,,,,,59292008863.1895,
Argentina,2018-03-01,,,,,,59691431134.4879,
Argentina,2018-04-01,,,,,,53722711829.5582,
Argentina,2018-05-01,,,,,,47589846417.6235,
Argentina,2018-06-01,,,,,,59268250671.9376,
Argentina,2018-07-01,,,,,,55501076655.0392,
Argentina,2018-08-01,,,,,,50253506227.4346,
Argentina,2018-09-01,,,,,,46531843578.0451,
Argentina,2018-10-01,,,,,,51509982030.6521,
Argentina,2018-11-01,,,,,,48729857771.9742,
Argentina,2018-12-01,,,,,,63963922085.1007,
Argentina,2019-02-01,,,,,,65128417192.9369,
Argentina,2019-03-01,,,,,,63774752424.9024,
Argentina,2019-04-01,,,,,,69032569005.4045,
Argentina,2019-05-01,,,,,,62492178733.0216,
Argentina,2019-06-01,,,,,,62018582102.9848,
Argentina,2019-07-01,,,,,,64930707861.0265,
Argentina,2019-08-01,,,,,,51158103467.7132,
Argentina,2019-09-01,,,,,,45763519076.5473,
Argentina,2019-10-01,,,,,,40264524747.3493,
Argentina,2019-11-01,,,,,,40855223762.1055,
Argentina,2019-12-01,,,,,,42192526746.9573,
Argentina,2020-01-01,-8.588,11341.2683655863,,30.4069995880127,,41831385649.253,
Argentina,2020-02-01,,,,,,41766085473.0816,
Argentina,2020-03-01,,,,,,40534170815.7694,
Argentina,2020-04-01,,,,,,40251726298.271,
Argentina,2020-05-01,,,,,,39141565499.4891,
Argentina,2020-06-01,,,,,,39706590035.3616,
Argentina,2020-07-01,,,,,,39586646070.5841,
Argentina,2020-08-01,,,,,,38933239456.774,
Argentina,2020-09-01,,,,,,37628654207.6123,
Argentina,2020-10-01,,,,,,36134065174.3813,
Argentina,2020-11-01,,,,,,35113203022.9663,
Argentina,2020-12-01,,,,,,35649970285.7587,
Argentina,2021-01-01,-4.327,12402.4907912317,,23.3700008392334,,35807833823.2191,
Argentina,2021-02-01,,,,,,36050927790.8305,
Argentina,2021-03-01,,,,,,36052662727.85,
Argentina,2021-04-01,,,,,,36758879451.5,
Argentina,2021-05-01,,,,,,38086935973.9147,
Argentina,2021-06-01,,,,,,38830830351.6108,
Argentina,2021-07-01,,,,,,38999045952.2536,
Argentina,2021-08-01,,,,,,42570545952.5296,
Argentina,2021-09-01,,,,,,39354015096.7479,
Argentina,2021-10-01,,,,,,39265649957.4367,
Argentina,2021-11-01,,,,,,38008819233.3878,
Argentina,2021-12-01,,,,,,36448369071.8398,
American Samoa,2018-01-01,,13049.3301536176,13049.3301536176,,,48424,
American Samoa,2019-01-01,,13288.3565565116,13288.3565565116,,,47321,
American Samoa,2020-01-01,,14303.6270325756,14303.6270325756,,,46189,
American Samoa,2021-01-01,,14396.3685581274,14396.3685581274,,,45035,
Bermuda,2018-01-01,,113050.73688163,7225977000.0,,,63918,
Bermuda,2019-01-01,,116153.166121638,7423465000.0,,,63911,
Bermuda,2020-01-01,,107791.886435134,6887147000.0,,,63893,
Bermuda,2021-01-01,,114090.328338579,7286607000.0,,,63867,
Barbados,2020-01-01,,14855.6898587069,-6.902,29.5620002746582,,280693,
Barbados,2021-01-01,,14800.8381460905,-11.463,27.6200008392334,,281200,
China,2018-02-01,,,,,,3153325384104.21,
China,2018-03-01,,,,,,3161783550720.97,
China,2018-04-01,,,,,,3143582222423.71,
China,2018-05-01,,,,,,3128983625399.14,
China,2018-06-01,,,,,,3131516989540.73,
China,2018-07-01,,,,,,3137279052217.51,
China,2018-08-01,,,,,,3129124601509.58,
China,2018-09-01,,,,,,3106349969057.52,
China,2018-10-01,,,,,,3072488044750.48,
China,2018-11-01,,,,,,3081044672629.29,
China,2018-12-01,,,,,,3091881257199.09,
China,2019-02-01,,,,,,3109442789199.24,
China,2019-03-01,,,,,,3117892634165.4,
China,2019-04-01,,,,,,3114006705314.11,
China,2019-05-01,,,,,,3119969247138.0,
China,2019-06-01,,,,,,3138278571356.08,
China,2019-07-01,,,,,,3123085567179.51,
China,2019-08-01,,,,,,3126444122668.86,
China,2019-09-01,,,,,,3111631046532.36,
China,2019-10-01,,,,,,3124582849725.09,
China,2019-11-01,,,,,,3114954950009.95,
China,2019-12-01,,,,,,3127493858036.36,
China,2020-02-01,,,,,,3125925099762.01,
China,2020-03-01,,,,,,3079722207756.42,
China,2020-04-01,,,,,,3111307019946.74,
China,2020-05-01,,,,,,3121640261058.13,
China,2020-06-01,,,,,,3132890944287.08,
China,2020-07-01,,,,,,3175529578477.56,
China,2020-08-01,,,,,,3185741047357.63,
China,2020-09-01,,,,,,3163405472311.6,
China,2020-10-01,,,,,,3148891687598.46,
China,2020-11-01,,,,,,3199686223449.24,
China,2020-12-01,,,,,,3238782371433.72,
China,2021-02-01,,,,,,3227245917564.29,
China,2021-03-01,,,,,,3191634629832.5,
China,2021-04-01,,,,,,3220011826967.84,
China,2021-05-01,,,,,,3243778695638.98,
China,2021-06-01,,,,,,3235723813196.99,
China,2021-07-01,,,,,,3257656758484.76,
China,2021-08-01,,,,,,3295312462114.08,
China,2021-09-01,,,,,,3264064261108.95,
China,2021-10-01,,,,,,3281736347402.21,
China,2021-11-01,,,,,,3286139765834.59,
China,2021-12-01,,,,,,3313920330628.85,
"Congo, The Democratic Republic of the",2018-01-01,,489.382354011428,,8.4680004119873,,.,
"Congo, The Democratic Republic of the",2019-01-01,,494.819226947003,,8.49400043487549,,.,
"Congo, The Democratic Republic of the",2020-01-01,,487.43311264638,,9.87100028991699,,.,
"Congo, The Democratic Republic of the",2021-01-01,,501.239067350859,,9.42399978637695,,80.0199966430664,
Cook Islands,2018-01-01,,,,,,725,
Cook Islands,2019-01-01,,,,,,758,
Cook Islands,2020-01-01,,,,,,911,
Cook Islands,2021-01-01,,,,,,916,
Comoros,2018-01-01,,0.892850362183721,,18.8990001678467,,4.196,
Comoros,2019-01-01,,-0.927062740924517,,18.9669990539551,,4.125,
Comoros,2020-01-01,,-2.95131153707675,,21.2530002593994,,4.052,
Cuba,2018-01-01,,8048.01660977285,8048.01660977285,4.53499984741211,,.,
Cuba,2019-01-01,,8042.94852386634,8042.94852386634,3.24499988555908,,.,
Cuba,2020-01-01,,7172.51925662898,7172.51925662898,3.55299997329712,,.,
Cuba,2021-01-01,,7291.06788516411,7291.06788516411,3.64599990844727,,99.6731109619141,
Curaçao,2020-01-01,,,,,,154947.0,
Curaçao,2021-01-01,,,,,,152369,
Cayman Islands,2018-01-01,,85234.8427208773,5530377535.1014,,,64884,
Cayman Islands,2019-01-01,,89871.9131394463,5943589103.56414,,,66134,
Cayman Islands,2020-01-01,,83329.4587744645,5608989199.56798,,,67311,
Cayman Islands,2021-01-01,,86568.7696368603,5898449687.97711,,,68136,
Eritrea,2018-01-01,,11.722800566315,,9.82400035858154,,3445374,112.640872200021
Eritrea,2019-01-01,,2.52942249455169,,9.80500030517578,,3498818,99.7836299827731
Eritrea,2020-01-01,,-1.90574099722239,,12.2639999389648,,3555868,124.473228252427
Eritrea,2021-01-01,,1.32335592345387,,11.3050003051758,,3620312,150.083681969135
Faroe Islands,2018-01-01,,62576.9899253899,62576.9899253899,,,82.5439024390244,
Faroe Islands,2019-01-01,,63383.196148417,63383.196148417,,,82.7926829268293,
Faroe Islands,2020-01-01,,61980.2900239725,61980.2900239725,,,83.0926829268293,
"Micronesia, Federated States of",2021-01-01,,2794.78641596039,-3.2467522524,,,113131,2.0845634962
Gabon,2021-01-01,,8635.32569443437,,37.5229988098145,,2341179,
United Kingdom,2018-02-01,,,,,,141032799465.929,
United Kingdom,2018-03-01,,,,,,144442259896.462,
United Kingdom,2018-04-01,,,,,,141686383802.395,
United Kingdom,2018-05-01,,,,,,145526814051.645,
United Kingdom,2018-06-01,,,,,,142966009408.044,
United Kingdom,2018-07-01,,,,,,140956075741.682,
United Kingdom,2018-08-01,,,,,,146434614025.11,
United Kingdom,2018-09-01,,,,,,141940438191.214,
United Kingdom,2018-10-01,,,,,,145295036563.98,
United Kingdom,2018-11-01,,,,,,155060280046.552,
United Kingdom,2018-12-01,,,,,,159871954949.434,
United Kingdom,2019-02-01,,,,,,156535841397.352,
United Kingdom,2019-03-01,,,,,,150377588724.465,
United Kingdom,2019-04-01,,,,,,153940259114.025,
United Kingdom,2019-05-01,,,,,,143313090215.124,
United Kingdom,2019-06-01,,,,,,146737058505.057,
United Kingdom,2019-07-01,,,,,,154147511546.514,
United Kingdom,2019-08-01,,,,,,152579968223.12,
United Kingdom,2019-09-01,,,,,,144183284451.684,
United Kingdom,2019-10-01,,,,,,160137898139.493,
United Kingdom,2019-11-01,,,,,,155089808522.594,
United Kingdom,2019-12-01,,,,,,158375688711.634,
United Kingdom,2020-02-01,,,,,,150949431397.431,
United Kingdom,2020-03-01,,,,,,154166576163.856,
United Kingdom,2020-04-01,,,,,,156418086866.867,
United Kingdom,2020-05-01,,,,,,157193081759.707,
United Kingdom,2020-06-01,,,,,,155407540026.542,
United Kingdom,2020-07-01,,,,,,158234044397.862,
United Kingdom,2020-08-01,,,,,,157126048980.444,
United Kingdom,2020-09-01,,,,,,150461370877.343,
United Kingdom,2020-10-01,,,,,,153225958963.515,
United Kingdom,2020-11-01,,,,,,161108143201.823,
United Kingdom,2020-12-01,,,,,,161188410120.185,
United Kingdom,2021-02-01,,,,,,153876667595.11,
United Kingdom,2021-03-01,,,,,,154220474663.911,
United Kingdom,2021-04-01,,,,,,154415134440.787,
United Kingdom,2021-05-01,,,,,,152301905167.645,
United Kingdom,2021-06-01,,,,,,149929821627.598,
United Kingdom,2021-07-01,,,,,,151378810768.585,
United Kingdom,2021-08-01,,,,,,174061397625.754,
United Kingdom,2021-09-01,,,,,,175878798003.056,
United Kingdom,2021-10-01,,,,,,174753479796.724,
United Kingdom,2021-11-01,,,,,,175058294888.743,
United Kingdom,2021-12-01,,,,,,176024004961.702,
Guernsey,2018-01-01,,,2113679.0,7.6,,148,
Guernsey,2019-01-01,,,2204209.0,7.7,,171,
Guernsey,2020-01-01,,,2026188.0,8.2,,160,
Guernsey,2021-01-01,,,2279884.0,8.1,,132,
Greenland,2018-01-01,,47013.0349493846,47013.0349493846,,,71.8865853658537,
Greenland,2019-01-01,,47908.106718779,47908.106718779,,,72.0475609756098,
Greenland,2020-01-01,,47957.7936697606,47957.7936697606,,,71.4046341463415,
Indonesia,2018-02-01,,,,,,124612690442.413,
Indonesia,2018-03-01,,,,,,122543191256.546,
Indonesia,2018-04-01,,,,,,121437875918.491,
Indonesia,2018-05-01,,,,,,119547940177.365,
Indonesia,2018-06-01,,,,,,116681858859.888,
Indonesia,2018-07-01,,,,,,115225049967.449,
Indonesia,2018-08-01,,,,,,114902149265.56,
Indonesia,2018-09-01,,,,,,111841286259.472,
Indonesia,2018-10-01,,,,,,112068703678.446,
Indonesia,2018-11-01,,,,,,114115246222.633,
Indonesia,2018-12-01,,,,,,117424645942.922,
Indonesia,2019-02-01,,,,,,119934012481.127,
Indonesia,2019-03-01,,,,,,121269199866.062,
Indonesia,2019-04-01,,,,,,121039179247.117,
Indonesia,2019-05-01,,,,,,117113609356.101,
Indonesia,2019-06-01,,,,,,120281951799.337,
Indonesia,2019-07-01,,,,,,122299287090.662,
Indonesia,2019-08-01,,,,,,122549482205.516,
Indonesia,2019-09-01,,,,,,120568337001.921,
Indonesia,2019-10-01,,,,,,122915409932.134,
Indonesia,2019-11-01,,,,,,122953919050.639,
Indonesia,2019-12-01,,,,,,125339390220.657,
Indonesia,2020-02-01,,,,,,126302309068.569,
Indonesia,2020-03-01,,,,,,116874655629.184,
Indonesia,2020-04-01,,,,,,123563205770.056,
Indonesia,2020-05-01,,,,,,126211125225.306,
Indonesia,2020-06-01,,,,,,127236011911.942,
Indonesia,2020-07-01,,,,,,130128478816.132,
Indonesia,2020-08-01,,,,,,132062022946.727,
Indonesia,2020-09-01,,,,,,130366649306.432,
Indonesia,2020-10-01,,,,,,128828355301.837,
Indonesia,2020-11-01,,,,,,129065397378.067,
Indonesia,2020-12-01,,,,,,131139029065.842,
Indonesia,2021-02-01,,,,,,134292886347.82,
Indonesia,2021-03-01,,,,,,132849600065.702,
Indonesia,2021-04-01,,,,,,134332574265.959,
Indonesia,2021-05-01,,,,,,131585671517.507,
Indonesia,2021-06-01,,,,,,132654263680.002,
Indonesia,2021-07-01,,,,,,132723921939.529,
Indonesia,2021-08-01,,,,,,140209666477.972,
Indonesia,2021-09-01,,,,,,142462749479.281,
Indonesia,2021-10-01,,,,,,140945772293.425,
Indonesia,2021-11-01,,,,,,141346541826.357,
Indonesia,2021-12-01,,,,,,140310235087.496,
Isle of Man,2018-01-01,,96792.4241398358,7491969312.87525,5.86420414405575,,80.596,
Isle of Man,2019-01-01,,96856.4389416175,7315388052.08067,11.1239451504808,,80.737,
Isle of Man,2020-01-01,,,,6.41451598173668,,80.588,
India,2018-02-01,,,,,,400132903901.046,
India,2018-03-01,,,,,,403750660782.237,
India,2018-04-01,,,,,,399532823214.07,
India,2018-05-01,,,,,,391849998358.384,
India,2018-06-01,,,,,,385400077511.154,
India,2018-07-01,,,,,,383776895972.302,
India,2018-08-01,,,,,,380573739903.388,
India,2018-09-01,,,,,,380813069453.745,
India,2018-10-01,,,,,,371888806087.712,
India,2018-11-01,,,,,,373187968980.784,
India,2018-12-01,,,,,,374425187183.508,
India,2019-02-01,,,,,,379583834239.781,
India,2019-03-01,,,,,,390267677762.945,
India,2019-04-01,,,,,,396238176683.989,
India,2019-05-01,,,,,,399309608326.193,
India,2019-06-01,,,,,,405936770212.702,
India,2019-07-01,,,,,,403714736546.052,
India,2019-08-01,,,,,,401408385719.794,
India,2019-09-01,,,,,,407452453119.285,
India,2019-10-01,,,,,,418505121881.737,
India,2019-11-01,,,,,,424853307690.301,
India,2019-12-01,,,,,,432378384523.969,
India,2020-02-01,,,,,,451702905467.54,
India,2020-03-01,,,,,,447527444119.671,
India,2020-04-01,,,,,,449107995966.121,
India,2020-05-01,,,,,,460963536940.631,
India,2020-06-01,,,,,,472094307418.37,
India,2020-07-01,,,,,,497249262550.87,
India,2020-08-01,,,,,,505303565479.202,
India,2020-09-01,,,,,,508526945423.215,
India,2020-10-01,,,,,,523969558523.425,
India,2020-11-01,,,,,,539921508599.295,
India,2020-12-01,,,,,,549086868074.865,
India,2021-02-01,,,,,,549399409662.808,
India,2021-03-01,,,,,,543284105579.22,
India,2021-04-01,,,,,,552737345146.937,
India,2021-05-01,,,,,,560787725897.969,
India,2021-06-01,,,,,,575510579221.03,
India,2021-07-01,,,,,,582672086473.192,
India,2021-08-01,,,,,,603136242827.276,
India,2021-09-01,,,,,,598057121006.892,
India,2021-10-01,,,,,,602272925340.569,
India,2021-11-01,,,,,,599403730376.534,
India,2021-12-01,,,,,,594356484008.549,
Kazakhstan,2021-01-01,-4.13851592,11298.3576191288,11298.3576191288,3.99900007247925,,19000988,
